parent_community,community,collection_name,title,handle,DataSpace URL,Existing DOI before migration,migrator,acceptor,osti priority,redescribed,pdc describe URL,notes,status
,,,,,,,,,,,,,
Migration Fixtures (do these first),,,,,,,,,,,,,
Princeton Plasma Physics Laboratory,Advanced Projects,Stellarators,Initial operation and data processing on a system for real-time evaluation of Thomson scattering signals on the Large Helical Device,88435/dsp014t64gr25v,https://dataspace.princeton.edu/handle/88435/dsp014t64gr25v,https://doi.org/10.11578/1814942,connell,bess,,yes,https://pdc-describe-prod.princeton.edu/describe/works/51,,Published
Princeton Plasma Physics Laboratory,Plasma Science & Technology,,"Source data for ""Observation of Axisymmetric Standard Magnetorotational Instability in the Laboratory""",88435/dsp018623j1954,https://dataspace.princeton.edu/handle/88435/dsp018623j1954,https://doi.org/10.11578/1888278,bess,bess,,yes,https://pdc-describe-prod.princeton.edu/describe/works/48,,Published
Princeton Plasma Physics Laboratory,Plasma Science & Technology,,Identification of a non-axisymmetric mode in laboratory experiments searching for standard magnetorotational instability,88435/dsp01sx61dq46q,https://dataspace.princeton.edu/handle/88435/dsp01sx61dq46q,https://doi.org/10.11578/1888269,chun,erin,,yes,https://pdc-describe-prod.princeton.edu/describe/works/66,,Published
Princeton Plasma Physics Laboratory,Theory and Computation,,Effects of collisional ion orbit loss on tokamak radial electric field and toroidal rotation in an L-mode plasma,88435/dsp01r494vp42z,https://dataspace.princeton.edu/handle/88435/dsp01r494vp42z,No dataset DOI,chun,erin,yes,yes,https://pdc-describe-prod.princeton.edu/describe/works/65,,Published
Princeton Plasma Physics Laboratory,Plasma Science & Technology,,Lower Hybrid Drift Waves During Guide Field Reconnection,88435/dsp0112579w37b,https://dataspace.princeton.edu/handle/88435/dsp0112579w37b,https://doi.org/10.11578/1814938,bess,erin,,yes,45,,Published
Princeton Plasma Physics Laboratory,Plasma Science & Technology,,"Data for ""The value of fusion energy to a decarbonized United States electric grid""",88435/dsp012j62s808w,https://dataspace.princeton.edu/handle/88435/dsp012j62s808w,https://doi.org/10.34770/f8em-3c49,chun,chun,,yes,https://pdc-describe-prod.princeton.edu/describe/works/64,,Published
Princeton Plasma Physics Laboratory,Plasma Science & Technology,,A dynamic magnetic tension force as the cause of failed solar eruptions,88435/dsp01j3860933c,https://dataspace.princeton.edu/handle/88435/dsp01j3860933c,https://doi.org/10.11578/1366453,connell,,,Yes,https://pdc-describe-prod.princeton.edu/describe/works/40,,Published
Princeton Plasma Physics Laboratory,Theory,Theory,Electromagnetic total-f algorithm for gyrokinetic particle-in-cell simulations of boundary plasma in XGC,88435/dsp01zw12z8539,https://dataspace.princeton.edu/handle/88435/dsp01zw12z8539,No dataset DOI,Erin,chun,yes,,41,,Awaiting approval
Princeton Plasma Physics Laboratory,Advanced Projects,Stellarators,Design of an arrangement of cubic magnets for a quasi-axisymmetric stellarator experiment,88435/dsp01x059cb547,https://dataspace.princeton.edu/handle/88435/dsp01x059cb547,https://doi.org/10.11578/1888258,Tyler,Bess,,yes,39,,Published
Princeton Neuroscience Institute,Research Data Sets,,Sleep spindle refractoriness segregates periods of memory reactivation,88435/dsp011z40kw63j,https://dataspace.princeton.edu/handle/88435/dsp011z40kw63j,,connell,,,,,,
Princeton University Library,Research Data,,Sowing the Seeds for More Usable Web Archives:  A Usability Study of Archive-It,88435/dsp01d791sj97j,https://dataspace.princeton.edu/handle/88435/dsp01d791sj97j,,"sarah, neggin, halle",,,,,,Awaiting redescription
Geophysical Fluid Dynamics Laboratory,Research Data Sets,,Data from a flume experiment of passive scalar diffusion within vegetation canopies using laser-induced fluorescence,88435/dsp01qj72pb044,https://dataspace.princeton.edu/handle/88435/dsp01qj72pb044,,,,,,,,Awaiting redescription
Department of Geosciences,Research Data Sets,,Femtosecond X-ray Diffraction of Laser-shocked Forsterite (Mg2SiO4) to 122 GPa,88435/dsp01rj4307478,https://dataspace.princeton.edu/handle/88435/dsp01rj4307478,,,,,,,,Awaiting redescription
Lewis-Sigler Institute for Integrative Genomics,Research Data Sets,,Distinct cytoskeletal proteins define zones of enhanced cell wall synthesis in Helicobacter pylori,88435/dsp01h415pd457,https://dataspace.princeton.edu/handle/88435/dsp01h415pd457,,,,,,,,Awaiting redescription
Molecular Biology,Research DataSets,,CKavity Library: Next-Generation Sequencing,88435/dsp015999n626m,https://dataspace.princeton.edu/handle/88435/dsp015999n626m,,,,,,,,Awaiting redescription
Music and Arts,bitKlavier,,bitKlavier Grand Sample Library—Piano Bar Mic Image,88435/dsp015999n653h,https://dataspace.princeton.edu/handle/88435/dsp015999n653h,,bess,bess,,,,,
Music and Arts,bitKlavier,,bitKlavier Grand Sample Library—Binaural Mic Image,88435/dsp01nv9356017,https://dataspace.princeton.edu/handle/88435/dsp01nv9356017,,,,,,,,Awaiting redescription
Geophysical Fluid Dynamics Laboratory,Research Data Sets,,"Supporting data for Baldwin et al 2019 ""Temporally Compound Heat Waves and Global Warming: An Emerging Hazard""",88435/dsp01bz60d033c,https://dataspace.princeton.edu/handle/88435/dsp01bz60d033c,,,,,,,,Awaiting redescription
Princeton Neuroscience Institute,Research Data Sets,,Attention and awareness in the dorsal attention network,88435/dsp01xp68kk27p,https://dataspace.princeton.edu/handle/88435/dsp01xp68kk27p,,,,,,,,Awaiting redescription
,,,,,,,,,,,,,
Princeton Plasma Physics Laboratory,Advanced Projects,Other Projects,Hyperdiffusion of dust particles in a turbulent tokamak plasma,88435/dsp01db78tg111,https://dataspace.princeton.edu/handle/88435/dsp01db78tg111,https://doi.org/10.11578/1814957,Erin,Chun,,yes,67,,Awaiting approval
Princeton Plasma Physics Laboratory,Advanced Projects,Stellarators,Geometric concepts for stellarator permanent magnet arrays,88435/dsp01db78tg01d,https://dataspace.princeton.edu/handle/88435/dsp01db78tg01d,https://doi.org/10.11578/1661172,Tyler,Erin,,yes,https://pdc-describe-prod.princeton.edu/describe/works/57,"This record has a text citation, which the software as of v0.81.0 can't handle.",Published
Princeton Plasma Physics Laboratory,Advanced Projects,Stellarators,First impurity powder injection experiments in LHD,88435/dsp01sx61dq35f,https://dataspace.princeton.edu/handle/88435/dsp01sx61dq35f,https://doi.org/10.11578/1814939,Tyler,Erin,,yes,58,,Published
Princeton Plasma Physics Laboratory,Advanced Projects,Stellarators,Stellarator coil design using cubic splines for improved access on the outboard side,88435/dsp01q811kn76d,https://dataspace.princeton.edu/handle/88435/dsp01q811kn76d,https://doi.org/10.11578/1888271,Tyler,Erin,,yes,59,,Published
Princeton Plasma Physics Laboratory,Advanced Projects,Stellarators,Energetic particle optimization of quasi-axisymmetric stellarator equilibria,88435/dsp012n49t492r,https://dataspace.princeton.edu/handle/88435/dsp012n49t492r,No dataset DOI,Tyler,Erin,yes,yes,60,,Published
Princeton Plasma Physics Laboratory,Advanced Projects,Stellarators,A novel scheme for error field correction in permanent magnet stellarators,88435/dsp011831cp18z,https://dataspace.princeton.edu/handle/88435/dsp011831cp18z,No dataset DOI,Tyler,Erin,yes,yes,61,,Published
Princeton Plasma Physics Laboratory,Advanced Projects,System Studies,Fusion Pilot Plant performance and the role of a Sustained High Power Density tokamak,88435/dsp01kk91fp703,https://dataspace.princeton.edu/handle/88435/dsp01kk91fp703,https://doi.org/10.11578/1888274,Tyler,Erin,,yes,62,,Published
Princeton Plasma Physics Laboratory,ITER and Tokamaks,PPPL Collaborations,Type-I ELM mitigation by continuous lithium granule gravitational injection into the upper tungsten divertor in EAST,88435/dsp014x51hn09b,https://dataspace.princeton.edu/handle/88435/dsp014x51hn09b,https://doi.org/10.11578/1814955,Tyler,Erin,,yes,https://pdc-describe-prod.princeton.edu/describe/works/63,"The migrated dataset has 1.4 less MB? The file size difference is because the systems are calculating Mb differently (dividing by 1,000,000,000 instead of 1,073,741,824). The files are actually identical.",Published
Princeton Plasma Physics Laboratory,ITER and Tokamaks,PPPL Collaborations,Observation of synergy between lower hybrid waves at two frequencies in EAST,88435/dsp0137720g81z,https://dataspace.princeton.edu/handle/88435/dsp0137720g81z,https://doi.org/10.11578/1814956,erin,Bess,,,69,,
Princeton Plasma Physics Laboratory,ITER and Tokamaks,PPPL Collaborations,Enhancement of edge turbulence concomitant with ELM suppression during boron powder injection in EAST,88435/dsp01dz010t189,https://dataspace.princeton.edu/handle/88435/dsp01dz010t189,https://doi.org/10.11578/1814960,erin,Bess,,,70,,
Princeton Plasma Physics Laboratory,ITER and Tokamaks,PPPL Collaborations,Wall conditioning and ELM mitigation with boron nitride powder injection in KSTAR,88435/dsp01hh63t006w,https://dataspace.princeton.edu/handle/88435/dsp01hh63t006w,https://doi.org/10.11578/1888253,erin,Chun,,,73,"Created w/o ""Migrate"" button = missing data files / Fixed!",Awaiting approval
Princeton Plasma Physics Laboratory,ITER and Tokamaks,PPPL Collaborations,Initial Results from Boron Powder Injection Experiments in WEST Lower Single Null L-mode Plasmas,88435/dsp01cr56n4150,https://dataspace.princeton.edu/handle/88435/dsp01cr56n4150,https://doi.org/10.11578/1888257,erin,Chun,,,74,"Created w/o ""Migrate"" button = missing data files / Fixed!",Migration in process
Princeton Plasma Physics Laboratory,ITER and Tokamaks,PPPL Collaborations,"Supplemental material for: Verification, validation, and results of an approximate model for the stress of a Tokamak toroidal field coil at the inboard midplane",88435/dsp01rb68xg060,https://dataspace.princeton.edu/handle/88435/dsp01rb68xg060,https://doi.org/10.11578/1888261,Chun,Erin,,,71,,Published
Princeton Plasma Physics Laboratory,Spherical Torus,MAST-U,Operational Space and Performance Limiting Events in the First Physics Campaign of MAST-U,88435/dsp01td96k574c,https://dataspace.princeton.edu/handle/88435/dsp01td96k574c,No dataset DOI,Erin,Chun,yes,yes,81,,Awaiting approval
Princeton Plasma Physics Laboratory,Spherical Torus,NSTX,Midplane neutral density profiles in the National Spherical Torus Experiment,88435/dsp01zg64tp300,https://dataspace.princeton.edu/handle/88435/dsp01zg64tp300,https://doi.org/10.11578/1366462,Tyler,Chun,,yes,72,,Awaiting approval
Princeton Plasma Physics Laboratory,Spherical Torus,NSTX,Evolution patterns and parameter regimes in edge localized modes on the National Spherical Torus Experiment,88435/dsp01h415pc93f,https://dataspace.princeton.edu/handle/88435/dsp01h415pc93f,https://doi.org/10.11578/1366473,Erin,Chun,,,,,
Princeton Plasma Physics Laboratory,Spherical Torus,NSTX,Blob Structure and Motion in the Edge and SOL of NSTX,88435/dsp01vx021h49j,https://dataspace.princeton.edu/handle/88435/dsp01vx021h49j,https://doi.org/10.11578/1562020,,,,,,https://doi.org/10.11578/1367179 / This publication has 2 dataset DOI's. Issue ticketed here: https://github.com/pulibrary/pdc_describe/issues/1464,Error in need of software developer intervention
Princeton Plasma Physics Laboratory,Spherical Torus,NSTX,Study of the impact of pre- and real-time deposition of lithium on plasma performance on NSTX,88435/dsp018049g784n,https://dataspace.princeton.edu/handle/88435/dsp018049g784n,https://doi.org/10.11578/1562025,Erin,Chun,,,,,
Princeton Plasma Physics Laboratory,Spherical Torus,NSTX,Nonlinear fishbone dynamics in spherical tokamaks,88435/dsp01kd17cw34n,https://dataspace.princeton.edu/handle/88435/dsp01kd17cw34n,https://doi.org/10.11578/1367618,Erin,Chun,,,,,
Princeton Plasma Physics Laboratory,Spherical Torus,NSTX,Blob-hole correlation model for edge turbulence and comparisons with NSTX GPI data,88435/dsp01x346d687k,https://dataspace.princeton.edu/handle/88435/dsp01x346d687k,https://doi.org/10.11578/1562021,Erin,Chun,,,,,
Princeton Plasma Physics Laboratory,Spherical Torus,NSTX,Energy Exchange Dynamics across L-H Transitions in NSTX,88435/dsp01f1881p40x,https://dataspace.princeton.edu/handle/88435/dsp01f1881p40x,https://doi.org/10.11578/1367547,Erin,Chun,,,,,
Princeton Plasma Physics Laboratory,Spherical Torus,NSTX,A multi-machine scaling of halo current rotation,88435/dsp01sn00b1428,https://dataspace.princeton.edu/handle/88435/dsp01sn00b1428,https://doi.org/10.11578/1562022,Erin,Chun,,,,,
Princeton Plasma Physics Laboratory,Spherical Torus,NSTX,Plasma measurements of the Fe XVII L-shell emission and blending with F VIII and F IX,88435/dsp01d504rn98q,https://dataspace.princeton.edu/handle/88435/dsp01d504rn98q,https://doi.org/10.11578/1562023,Erin,Chun,,,,,
Princeton Plasma Physics Laboratory,Spherical Torus,NSTX,Observation of quasi-coherent edge fluctuations in Ohmic plasmas on NSTX,88435/dsp0170795b055,https://dataspace.princeton.edu/handle/88435/dsp0170795b055,https://doi.org/10.11578/1366985,Erin,Chun,,,,,
Princeton Plasma Physics Laboratory,Spherical Torus,NSTX,Sensitivity of WallDYN material migration modeling to uncertainties in mixed-material surface binding energies,88435/dsp01br86b619v,https://dataspace.princeton.edu/handle/88435/dsp01br86b619v,https://doi.org/10.11578/1562019,Erin,Chun,,,,,
Princeton Plasma Physics Laboratory,Spherical Torus,NSTX,Theory based scaling of edge turbulence and implications for the scrape-off layer width,88435/dsp018p58pg426,https://dataspace.princeton.edu/handle/88435/dsp018p58pg426,https://doi.org/10.11578/1366750,Erin,Chun,,,,,
Princeton Plasma Physics Laboratory,Spherical Torus,NSTX,Linear gyrokinetic simulations of microinstabilities within the pedestal region of H-mode NSTX discharges in a highly shaped geometry,88435/dsp01n870zt23w,https://dataspace.princeton.edu/handle/88435/dsp01n870zt23w,https://doi.org/10.11578/1367078,,,,,,,
Princeton Plasma Physics Laboratory,Spherical Torus,NSTX,Phase coherence of parametric-decay modes during high-harmonic fast-wave heating in the National Spherical Torus Experiment,88435/dsp015d86p263n,https://dataspace.princeton.edu/handle/88435/dsp015d86p263n,https://doi.org/10.11578/1366987,,,,,,,
Princeton Plasma Physics Laboratory,Spherical Torus,NSTX,Computation of Alfvèn eigenmode stability and saturation through a reduced fast ion transport model in the TRANSP tokamak transport code,88435/dsp0100000264v,https://dataspace.princeton.edu/handle/88435/dsp0100000264v,https://doi.org/10.11578/1562027,,,,,,,
Princeton Plasma Physics Laboratory,Spherical Torus,NSTX,Two-dimensional turbulence cross-correlation functions in the edge of NSTX,88435/dsp01ft848t262,https://dataspace.princeton.edu/handle/88435/dsp01ft848t262,https://doi.org/10.11578/1562028,,,,,,,
Princeton Plasma Physics Laboratory,Spherical Torus,NSTX,Quasi-linear gyrokinetic predictions of the Coriolis momentum pinch in NSTX,88435/dsp0137720g13x,https://dataspace.princeton.edu/handle/88435/dsp0137720g13x,https://doi.org/10.11578/1366495,,,,,,,
Princeton Plasma Physics Laboratory,Spherical Torus,NSTX,Saturation of Alfven modes in tokamaks,88435/dsp01np193c61s,https://dataspace.princeton.edu/handle/88435/dsp01np193c61s,https://doi.org/10.11578/1366751,,,,,,,
Princeton Plasma Physics Laboratory,Spherical Torus,NSTX,Collisional dependence of Alfven mode saturation in tokamaks,88435/dsp01hx11xh689,https://dataspace.princeton.edu/handle/88435/dsp01hx11xh689,https://doi.org/10.11578/1367170,,,,,,,
Princeton Plasma Physics Laboratory,Spherical Torus,NSTX,Phase space effects on fast ion distribution function modeling in tokamaks,88435/dsp011z40kw24q,https://dataspace.princeton.edu/handle/88435/dsp011z40kw24q,https://doi.org/10.11578/1366480,,,,,,,
Princeton Plasma Physics Laboratory,Spherical Torus,NSTX,Mitigation of Alfven activity by 3D magnetic perturbations on NSTX,88435/dsp01rx913s312,https://dataspace.princeton.edu/handle/88435/dsp01rx913s312,https://doi.org/10.11578/1562024,,,,,,,
Princeton Plasma Physics Laboratory,Spherical Torus,NSTX,Effect of progressively increasing lithium conditioning on edge transport and stability in high triangularity NSTX H-modes,88435/dsp01h128nh17k,https://dataspace.princeton.edu/handle/88435/dsp01h128nh17k,https://doi.org/10.11578/1367163,,,,,,,
Princeton Plasma Physics Laboratory,Spherical Torus,NSTX,Electron-density-sensitive Line Ratios of Fe XIII--XVI from Laboratory Sources Compared to CHIANTI,88435/dsp01tb09j833r,https://dataspace.princeton.edu/handle/88435/dsp01tb09j833r,https://doi.org/10.11578/1562038,,,,,,,
Princeton Plasma Physics Laboratory,Spherical Torus,NSTX,MHD-blob correlations in NSTX,88435/dsp012v23vx30c,https://dataspace.princeton.edu/handle/88435/dsp012v23vx30c,https://doi.org/10.11578/1661167,,,,,,,
Princeton Plasma Physics Laboratory,Spherical Torus,NSTX,Nonlinear simulations of beam-driven Compressional Alfvén Eigenmodes in NSTX,88435/dsp019593tx75w,https://dataspace.princeton.edu/handle/88435/dsp019593tx75w,https://doi.org/10.11578/1562031,,,,,,,
Princeton Plasma Physics Laboratory,Spherical Torus,NSTX,Modeling of Lithium Granule Injection in NSTX with M3D-C1,88435/dsp014j03d2280,https://dataspace.princeton.edu/handle/88435/dsp014j03d2280,https://doi.org/10.11578/1562032,,,,,,,
Princeton Plasma Physics Laboratory,Spherical Torus,NSTX,Kinetic neoclassical calculations of impurity radiation profiles,88435/dsp01rv042w69p,https://dataspace.princeton.edu/handle/88435/dsp01rv042w69p,https://doi.org/10.11578/1562033,,,,,,,
Princeton Plasma Physics Laboratory,Spherical Torus,NSTX,Stabilizing effect of resistivity towards ELM-free H-mode discharge in lithium-conditioned NSTX,88435/dsp010v838307q,https://dataspace.princeton.edu/handle/88435/dsp010v838307q,https://doi.org/10.11578/1367548,,,,,,,
Princeton Plasma Physics Laboratory,Spherical Torus,NSTX,Machine Learning Characterization of Alfvénic and Sub-Alfvénic Chirping and Correlation With Fast-Ion Loss at NSTX,88435/dsp01wh246w012,https://dataspace.princeton.edu/handle/88435/dsp01wh246w012,https://doi.org/10.11578/1608254,,,,,,,
Princeton Plasma Physics Laboratory,Spherical Torus,NSTX,The Role of Recti ed Currents in Far-Field RF Sheaths and in SOL Losses of HHFW Power on NSTX,88435/dsp019306t1809,https://dataspace.princeton.edu/handle/88435/dsp019306t1809,https://doi.org/10.11578/1367878,,,,,,,
Princeton Plasma Physics Laboratory,Spherical Torus,NSTX,ELM-free and inter-ELM divertor heat flux broadening induced by Edge Harmonics Oscillation in NSTX,88435/dsp01cz30pw31p,https://dataspace.princeton.edu/handle/88435/dsp01cz30pw31p,https://doi.org/10.11578/1562042,,,,,,,
Princeton Plasma Physics Laboratory,Spherical Torus,NSTX,Density perturbation mode structure of high frequency compressional and global Alfvén eigenmodes in the National Spherical Torus Experiment using a novel reflectometer analysis technique,88435/dsp01hx11xh896,https://dataspace.princeton.edu/handle/88435/dsp01hx11xh896,https://doi.org/10.11578/1562041,,,,,,,
Princeton Plasma Physics Laboratory,Spherical Torus,NSTX,Microtearing Instabilities and Electron Thermal Transport in Low and High Collisionality NSTX Discharges,88435/dsp011j92gb54m,https://dataspace.princeton.edu/handle/88435/dsp011j92gb54m,https://doi.org/10.11578/1814945,,,,,,,
Princeton Plasma Physics Laboratory,Spherical Torus,NSTX,Impact of edge harmonic oscillations on the divertor heat flux in NSTX,88435/dsp019c67wq96p,https://dataspace.princeton.edu/handle/88435/dsp019c67wq96p,https://doi.org/10.11578/1888267,,,,,,,
Princeton Plasma Physics Laboratory,Spherical Torus,NSTX,Correlation between the relative blob fraction and plasma parameters in NSTX,88435/dsp01qb98mj62b,https://dataspace.princeton.edu/handle/88435/dsp01qb98mj62b,https://doi.org/10.11578/1888270,,,,,,,
Princeton Plasma Physics Laboratory,Spherical Torus,NSTX,Temporal Structure of Blobs in NSTX,88435/dsp01zp38wg800,https://dataspace.princeton.edu/handle/88435/dsp01zp38wg800,https://doi.org/10.11578/1888273,,,,,,,
Princeton Plasma Physics Laboratory,Spherical Torus,NSTX,Electron Temperature Gradient Driven Transport Model for Tokamak Plasmas,88435/dsp015d86p342b,https://dataspace.princeton.edu/handle/88435/dsp015d86p342b,https://doi.org/10.11578/1888259,,,,,,,
Princeton Plasma Physics Laboratory,Spherical Torus,NSTX,Internal Rotation of ELM Filaments on NSTX,88435/dsp011n79h751f,https://dataspace.princeton.edu/handle/88435/dsp011n79h751f,https://doi.org/10.11578/1888275,,,,,,,
Princeton Plasma Physics Laboratory,Spherical Torus,NSTX,Linear ion-scale micro-stability analysis of high and low-collisionality NSTX discharges and NSTX-U projections,88435/dsp01ng451m72r,https://dataspace.princeton.edu/handle/88435/dsp01ng451m72r,https://doi.org/10.11578/1888254,,,,,,,
Princeton Plasma Physics Laboratory,Spherical Torus,NSTX,Global gyrokinetic study of shaping effects on electromagnetic modes at NSTX aspect ratio with ad hoc parallel magnetic perturbation effects,88435/dsp015x21tj58z,https://dataspace.princeton.edu/handle/88435/dsp015x21tj58z,,Tyler,Erin,yes,yes,78,,Published
Princeton Plasma Physics Laboratory,Spherical Torus,NSTX,Novel angular velocity estimation technique for plasma filaments,88435/dsp011g05ff83b,https://dataspace.princeton.edu/handle/88435/dsp011g05ff83b,,Tyler,Erin,yes,yes,79,,Published
Princeton Plasma Physics Laboratory,Spherical Torus,NSTX,Thermal ion kinetic effects and Landau damping in fishbone modes,88435/dsp018s45qd02d,https://dataspace.princeton.edu/handle/88435/dsp018s45qd02d,,Tyler,Erin,yes,yes,80,,Published
Princeton Plasma Physics Laboratory,Spherical Torus,NSTX-U,Drift kinetic effects on the plasma response in high beta spherical tokamak experiments,88435/dsp01tb09j831f,https://dataspace.princeton.edu/handle/88435/dsp01tb09j831f,https://doi.org/10.11578/1562044,,,,,,,
Princeton Plasma Physics Laboratory,Spherical Torus,NSTX-U,Application of Townsend avalanche theory to tokamak startup by coaxial helicity injection,88435/dsp01mk61rk59x,https://dataspace.princeton.edu/handle/88435/dsp01mk61rk59x,https://doi.org/10.11578/1562045,,,,,,,
Princeton Plasma Physics Laboratory,Spherical Torus,NSTX-U,A Riccati Solution for the Ideal MHD Plasma Response with Applications to Real-time Stability Control,88435/dsp01gx41mm508,https://dataspace.princeton.edu/handle/88435/dsp01gx41mm508,https://doi.org/10.11578/1562046,,,,,,,
Princeton Plasma Physics Laboratory,Spherical Torus,NSTX-U,Resonance in Fast-Wave Amplitude in the Periphery of Cylindrical Plasmas and Application to Edge Losses of Wave Heating Power in Tokamaks,88435/dsp013t945t20t,https://dataspace.princeton.edu/handle/88435/dsp013t945t20t,https://doi.org/10.11578/1366752,,,,,,,
Princeton Plasma Physics Laboratory,Spherical Torus,NSTX-U,Elemental and topographical imaging of microscopic variations in deposition on NSTX-U and DIII-D samples,88435/dsp01bn999950b,https://dataspace.princeton.edu/handle/88435/dsp01bn999950b,https://doi.org/10.11578/1562048,,,,,,,
Princeton Plasma Physics Laboratory,Spherical Torus,NSTX-U,Multi-species impurity granule injection and mass deposition projections in NSTX-U discharges Authors,88435/dsp012j62s7356,https://dataspace.princeton.edu/handle/88435/dsp012j62s7356,https://doi.org/10.11578/1367557,,,,,,,
Princeton Plasma Physics Laboratory,Spherical Torus,NSTX-U,Scenario Development During Commissioning Operations on the National Spherical Torus Experiment Upgrade,88435/dsp01r781wj699,https://dataspace.princeton.edu/handle/88435/dsp01r781wj699,https://doi.org/10.11578/1562052,,,,,,,
Princeton Plasma Physics Laboratory,Spherical Torus,NSTX-U,Elemental and topographical imaging of microscopic variations in deposition on NSTX-U and DIII-D samples2,88435/dsp01zg64tp73f,https://dataspace.princeton.edu/handle/88435/dsp01zg64tp73f,https://doi.org/10.11578/1562053,,,,,,,
Princeton Plasma Physics Laboratory,Spherical Torus,NSTX-U,Compact and multi-view solid state neutral particle analyzer arrays on National Spherical Torus Experiment-Upgrade,88435/dsp01jh343v73t,https://dataspace.princeton.edu/handle/88435/dsp01jh343v73t,https://doi.org/10.11578/1367167,,,,,,,
Princeton Plasma Physics Laboratory,Spherical Torus,NSTX-U,Far-infrared tangential interferometer/polarimeter design and installation for NSTX-U,88435/dsp01hx11xh71b,https://dataspace.princeton.edu/handle/88435/dsp01hx11xh71b,https://doi.org/10.11578/1367157,,,,,,,
Princeton Plasma Physics Laboratory,Spherical Torus,NSTX-U,"Application of Benchmarked Kinetic Resistive Wall Mode Stability Codes to ITER, Including Additional Physics",88435/dsp01td96k5188,https://dataspace.princeton.edu/handle/88435/dsp01td96k5188,https://doi.org/10.11578/1562061,,,,,,,
Princeton Plasma Physics Laboratory,Spherical Torus,NSTX-U,Regarding the optimization of O1-mode ECRH and the feasibility of EBW startup on NSTX-U,88435/dsp01b5644v24d,https://dataspace.princeton.edu/handle/88435/dsp01b5644v24d,https://doi.org/10.11578/1562054,,,,,,,
Princeton Plasma Physics Laboratory,Spherical Torus,NSTX-U,Exploration of magnetic perturbation effects on advanced divertor configurations in NSTX-U,88435/dsp0105741v14g,https://dataspace.princeton.edu/handle/88435/dsp0105741v14g,https://doi.org/10.11578/1366498,,,,,,,
Princeton Plasma Physics Laboratory,Spherical Torus,NSTX-U,Suppression of Alfvén modes on NSTX-U with outboard beam injection,88435/dsp017h149s49b,https://dataspace.princeton.edu/handle/88435/dsp017h149s49b,https://doi.org/10.11578/1562055,,,,,,,
Princeton Plasma Physics Laboratory,Spherical Torus,NSTX-U,Two-dimensional full-wave simulations of waves in space and tokamak plasmas,88435/dsp01gf06g542h,https://dataspace.princeton.edu/handle/88435/dsp01gf06g542h,https://doi.org/10.11578/1562056,,,,,,,
Princeton Plasma Physics Laboratory,Spherical Torus,NSTX-U,Design and simulation of the snowflake divertor control for NSTX-U,88435/dsp01jm214r94t,https://dataspace.princeton.edu/handle/88435/dsp01jm214r94t,https://doi.org/10.11578/1562057,,,,,,,
Princeton Plasma Physics Laboratory,Spherical Torus,NSTX-U,Real-time Radiative Divertor Feedback Control Development for the NSTX-U Tokamak using a Vacuum Ultraviolet Spectrometer,88435/dsp014x51hm47x,https://dataspace.princeton.edu/handle/88435/dsp014x51hm47x,https://doi.org/10.11578/1366721,,,,,,,
Princeton Plasma Physics Laboratory,Spherical Torus,NSTX-U,Fusion Nuclear Science Facilities and Pilot Plants Based on the Spherical Tokamak,88435/dsp01pn89d906g,https://dataspace.princeton.edu/handle/88435/dsp01pn89d906g,https://doi.org/10.11578/1366722,,,,,,,
Princeton Plasma Physics Laboratory,Spherical Torus,NSTX-U,Large-volume flux closure during plasmoid-mediated reconnection in coaxial helicity injection,88435/dsp01hh63sz30p,https://dataspace.princeton.edu/handle/88435/dsp01hh63sz30p,https://doi.org/10.11578/1354837,,,,,,,
Princeton Plasma Physics Laboratory,Spherical Torus,NSTX-U,"Development of miniaturized, spectroscopically assisted Penning gauges for fractional helium and hydrogen neutral pressure measurements",88435/dsp019z903232z,https://dataspace.princeton.edu/handle/88435/dsp019z903232z,https://doi.org/10.11578/1367166,,,,,,,
Princeton Plasma Physics Laboratory,Spherical Torus,NSTX-U,Real-time capable modeling of neutral beam injection on NSTX-U using neural networks,88435/dsp01z316q438w,https://dataspace.princeton.edu/handle/88435/dsp01z316q438w,https://doi.org/10.11578/1562069,,,,,,,
Princeton Plasma Physics Laboratory,Spherical Torus,NSTX-U,Initial operation of the NSTX-Upgrade real-time velocity diagnostic,88435/dsp01x920g034q,https://dataspace.princeton.edu/handle/88435/dsp01x920g034q,https://doi.org/10.11578/1367082,,,,,,,
Princeton Plasma Physics Laboratory,Spherical Torus,NSTX-U,ELM elimination with Li powder injection in EAST discharges using the tungsten upper divertor,88435/dsp01wp988n475,https://dataspace.princeton.edu/handle/88435/dsp01wp988n475,https://doi.org/10.11578/1562064,,,,,,,
Princeton Plasma Physics Laboratory,Spherical Torus,NSTX-U,Massive Gas Injection Valve Development for NSTX-U,88435/dsp01ns064844m,https://dataspace.princeton.edu/handle/88435/dsp01ns064844m,https://doi.org/10.11578/1366479,,,,,,,
Princeton Plasma Physics Laboratory,Spherical Torus,NSTX-U,Compact steady-state tokamak performance dependence on magnet and core physics limits,88435/dsp010v838334m,https://dataspace.princeton.edu/handle/88435/dsp010v838334m,https://doi.org/10.11578/1562073,,,,,,,
Princeton Plasma Physics Laboratory,Spherical Torus,NSTX-U,On the scattering correction of fast-ion D-alpha signal on NSTX-U,88435/dsp01f4752k44n,https://dataspace.princeton.edu/handle/88435/dsp01f4752k44n,https://doi.org/10.11578/1562065,,,,,,,
Princeton Plasma Physics Laboratory,Spherical Torus,NSTX-U,Electromagnetic Particle Injector for Fast Time Response Disruption Mitigation in Tokamaks,88435/dsp01g732dc763,https://dataspace.princeton.edu/handle/88435/dsp01g732dc763,https://doi.org/10.11578/1562070,,,,,,,
Princeton Plasma Physics Laboratory,Spherical Torus,NSTX-U,Time dependent analysis of visible helium line-ratios for electron temperature and density diagnostic using synthetic simulations on NSTX-U,88435/dsp016969z323t,https://dataspace.princeton.edu/handle/88435/dsp016969z323t,https://doi.org/10.11578/1366719,,,,,,,
Princeton Plasma Physics Laboratory,Spherical Torus,NSTX-U,Parallel electron force balance and the L-H transition,88435/dsp01np193c633,https://dataspace.princeton.edu/handle/88435/dsp01np193c633,https://doi.org/10.11578/1366720,,,,,,,
Princeton Plasma Physics Laboratory,Spherical Torus,NSTX-U,Energetic-particle-modified global Alfven eigenmodes,88435/dsp01s1784p39h,https://dataspace.princeton.edu/handle/88435/dsp01s1784p39h,https://doi.org/10.11578/1562074,,,,,,,
Princeton Plasma Physics Laboratory,Spherical Torus,NSTX-U,Enhanced Pedestal H-mode at low edge ion collisionality on NSTX,88435/dsp016h440w39j,https://dataspace.princeton.edu/handle/88435/dsp016h440w39j,https://doi.org/10.11578/1661168,,,,,,,
Princeton Plasma Physics Laboratory,Spherical Torus,NSTX-U,Toward fusion plasma scenario planning for NSTX-U using machine-learning-accelerated models,88435/dsp01z316q451j,https://dataspace.princeton.edu/handle/88435/dsp01z316q451j,https://doi.org/10.11578/1661166,,,,,,,
Princeton Plasma Physics Laboratory,Spherical Torus,NSTX-U,Application of IR imaging for free-surface velocity measurement in liquid-metal systems,88435/dsp015h73pz67t,https://dataspace.princeton.edu/handle/88435/dsp015h73pz67t,https://doi.org/10.11578/1814932,,,,,,,
Princeton Plasma Physics Laboratory,Spherical Torus,NSTX-U,Global modeling of wall material migration following boronization in NSTX-U,88435/dsp01np193c96x,https://dataspace.princeton.edu/handle/88435/dsp01np193c96x,https://doi.org/10.11578/1562080,,,,,,,
Princeton Plasma Physics Laboratory,Spherical Torus,NSTX-U,Three New Extreme Ultraviolet Spectrometers on NSTX-U for Impurity Monitoring,88435/dsp01f4752k20s,https://dataspace.princeton.edu/handle/88435/dsp01f4752k20s,https://doi.org/10.11578/1366746,,,,,,,
Princeton Plasma Physics Laboratory,Spherical Torus,NSTX-U,Gas Puff Imaging Diagnostics of Edge Plasma Turbulence in Magnetic Fusion Devices,88435/dsp01xg94hs15v,https://dataspace.princeton.edu/handle/88435/dsp01xg94hs15v,https://doi.org/10.11578/1562076,,,,,,,
Princeton Plasma Physics Laboratory,Spherical Torus,NSTX-U,Neutral recycling effects on ITG turbulence,88435/dsp011831cn576,https://dataspace.princeton.edu/handle/88435/dsp011831cn576,https://doi.org/10.11578/1562077,,,,,,,
Princeton Plasma Physics Laboratory,Spherical Torus,NSTX-U,Design of Faraday cup ion detectors built by thin film deposition,88435/dsp016108vd746,https://dataspace.princeton.edu/handle/88435/dsp016108vd746,https://doi.org/10.11578/1367550,,,,,,,
Princeton Plasma Physics Laboratory,Spherical Torus,NSTX-U,Study of liquid metal surface wave damping in the presence of magnetic fields and electrical currents,88435/dsp01s7526g206,https://dataspace.princeton.edu/handle/88435/dsp01s7526g206,https://doi.org/10.11578/1562082,,,,,,,
Princeton Plasma Physics Laboratory,Spherical Torus,NSTX-U,A scalable real-time framework for Thomson scattering analysis: Application to NSTX-U,88435/dsp01nk322h13s,https://dataspace.princeton.edu/handle/88435/dsp01nk322h13s,https://doi.org/10.11578/1562083,,,,,,,
Princeton Plasma Physics Laboratory,Spherical Torus,NSTX-U,TRANSP-based closed-loop simulations of current profile optimal regulation in NSTX-Upgrade,88435/dsp01v405sd16b,https://dataspace.princeton.edu/handle/88435/dsp01v405sd16b,https://doi.org/10.11578/1562086,,,,,,,
Princeton Plasma Physics Laboratory,Spherical Torus,NSTX-U,M3D-C1 simulations of the plasma response to RMPs in NSTX-U single-null and snowflake divertor configurations,88435/dsp01ms35tc13d,https://dataspace.princeton.edu/handle/88435/dsp01ms35tc13d,https://doi.org/10.11578/1367873,,,,,,,
Princeton Plasma Physics Laboratory,Spherical Torus,NSTX-U,Advances in boronization on NSTX-Upgrade,88435/dsp018s45qc26p,https://dataspace.princeton.edu/handle/88435/dsp018s45qc26p,https://doi.org/10.11578/1367555,,,,,,,
Princeton Plasma Physics Laboratory,Spherical Torus,NSTX-U,Overview of NSTX Upgrade Initial Results and Modelling Highlights,88435/dsp016w924f316,https://dataspace.princeton.edu/handle/88435/dsp016w924f316,https://doi.org/10.11578/1367890,,,,,,,
Princeton Plasma Physics Laboratory,Spherical Torus,NSTX-U,Optimization of the angular orientation for a fast ion loss detector in a tokamak,88435/dsp019s161866v,https://dataspace.princeton.edu/handle/88435/dsp019s161866v,https://doi.org/10.11578/1367551,,,,,,,
Princeton Plasma Physics Laboratory,Spherical Torus,NSTX-U,Modelling of Ablatant Deposition from Electromagnetically Driven Radiative Pellets for Disruption Mitigation Studies,88435/dsp018910jx38x,https://dataspace.princeton.edu/handle/88435/dsp018910jx38x,https://doi.org/10.11578/1562094,,,,,,,
Princeton Plasma Physics Laboratory,Spherical Torus,NSTX-U,Modeling of a Laser-Induced Rydberg Spectroscopy diagnostic for Direct Measurement of the Local Electric Field in the Edge Region of NSTX/NSTX-U,88435/dsp01c247dv80k,https://dataspace.princeton.edu/handle/88435/dsp01c247dv80k,https://doi.org/10.11578/1562088,,,,,,,
Princeton Plasma Physics Laboratory,Spherical Torus,NSTX-U,Injected mass deposition thresholds for lithium granule instigated triggering of edge localized modes on EAST,88435/dsp01pk02cd394,https://dataspace.princeton.edu/handle/88435/dsp01pk02cd394,https://doi.org/10.11578/1562089,,,,,,,
Princeton Plasma Physics Laboratory,Spherical Torus,NSTX-U,Blob wakes in NSTX,88435/dsp01vm40xv421,https://dataspace.princeton.edu/handle/88435/dsp01vm40xv421,https://doi.org/10.11578/1562095,,,,,,,
Princeton Plasma Physics Laboratory,Spherical Torus,NSTX-U,Reduced Model for Direct Induction Startup Scenario Development on MAST-U and NSTX-U,88435/dsp01cv43p067x,https://dataspace.princeton.edu/handle/88435/dsp01cv43p067x,https://doi.org/10.11578/1562096,,,,,,,
Princeton Plasma Physics Laboratory,Spherical Torus,NSTX-U,Machine Learning Characterization of Alfvénic and Sub-Alfvénic Chirping and Correlation With Fast-Ion Loss at NSTX,88435/dsp01m326m461v,https://dataspace.princeton.edu/handle/88435/dsp01m326m461v,https://doi.org/10.11578/1814933,,,,,,,
Princeton Plasma Physics Laboratory,Spherical Torus,NSTX-U,Analytic stability boundaries for compressional and global Alfven eigenmodes driven by fast ions. I. Interaction via ordinary and anomalous cyclotron resonances.,88435/dsp01gb19f8697,https://dataspace.princeton.edu/handle/88435/dsp01gb19f8697,https://doi.org/10.11578/1608300,,,,,,,
Princeton Plasma Physics Laboratory,Spherical Torus,NSTX-U,Initial transport and turbulence analysis and gyrokinetic simulation validation in NSTX-U L-mode plasmas,88435/dsp01f4752k53m,https://dataspace.princeton.edu/handle/88435/dsp01f4752k53m,https://doi.org/10.11578/1562097,,,,,,,
Princeton Plasma Physics Laboratory,Spherical Torus,NSTX-U,TRANSP-based Optimization Towards Tokamak Scenario Development,88435/dsp01pc289m87q,https://dataspace.princeton.edu/handle/88435/dsp01pc289m87q,https://doi.org/10.11578/1562098,,,,,,,
Princeton Plasma Physics Laboratory,Spherical Torus,NSTX-U,Full-wave simulations of ICRF heating regimes in toroidal plasmas with non-Maxwellian distribution functions,88435/dsp01g445cg642,https://dataspace.princeton.edu/handle/88435/dsp01g445cg642,https://doi.org/10.11578/1356364,,,,,,,
Princeton Plasma Physics Laboratory,Spherical Torus,NSTX-U,Feedback control design for non-inductively sustained scenarios in NSTX-U using TRANSP,88435/dsp01bc386m71v,https://dataspace.princeton.edu/handle/88435/dsp01bc386m71v,https://doi.org/10.11578/1562090,,,,,,,
Princeton Plasma Physics Laboratory,Spherical Torus,NSTX-U,A Reduced Resistive Wall Mode Kinetic Stability Model for Disruption Forecasting,88435/dsp01dj52w7187,https://dataspace.princeton.edu/handle/88435/dsp01dj52w7187,https://doi.org/10.11578/1367870,,,,,,,
Princeton Plasma Physics Laboratory,Spherical Torus,NSTX-U,Diagnostics for molybdenum and tungsten erosion and transport in NSTX-U,88435/dsp01q524jr266,https://dataspace.princeton.edu/handle/88435/dsp01q524jr266,https://doi.org/10.11578/1367164,,,,,,,
Princeton Plasma Physics Laboratory,Spherical Torus,NSTX-U,Plasma boundary shape control and real-time equilibrium reconstruction on NSTX-U,88435/dsp018623j140r,https://dataspace.princeton.edu/handle/88435/dsp018623j140r,https://doi.org/10.11578/1562092,,,,,,,
Princeton Plasma Physics Laboratory,Spherical Torus,NSTX-U,Application of transient CHI plasma startup to future ST and AT devices,88435/dsp011544br87z,https://dataspace.princeton.edu/handle/88435/dsp011544br87z,https://doi.org/10.11578/1562099,,,,,,,
Princeton Plasma Physics Laboratory,Spherical Torus,NSTX-U,Analytic stability boundaries for compressional and global Alfven eigenmodes driven by fast ions. II. Interaction via Landau resonance.,88435/dsp013r074x84p,https://dataspace.princeton.edu/handle/88435/dsp013r074x84p,https://doi.org/10.11578/1608306,,,,,,,
Princeton Plasma Physics Laboratory,Spherical Torus,NSTX-U,ELM frequency enhancement and discharge modification through lithium granule injection into EAST H-modes,88435/dsp01zc77ss87k,https://dataspace.princeton.edu/handle/88435/dsp01zc77ss87k,https://doi.org/10.11578/1562100,,,,,,,
Princeton Plasma Physics Laboratory,Spherical Torus,NSTX-U,Modeling of resistive plasma response in toroidal geometry using an asymptotic matching approach,88435/dsp0141687m529,https://dataspace.princeton.edu/handle/88435/dsp0141687m529,https://doi.org/10.11578/1814937,,,,,,,
Princeton Plasma Physics Laboratory,Spherical Torus,NSTX-U,Simulating pitch angle scattering using an explicitly solvable energy-conserving algorithm,88435/dsp01vh53wz79c,https://dataspace.princeton.edu/handle/88435/dsp01vh53wz79c,https://doi.org/10.11578/1814935,,,,,,,
Princeton Plasma Physics Laboratory,Spherical Torus,NSTX-U,Dynamics of filaments during the edge-localized mode crash on NSTX,88435/dsp011v53k104h,https://dataspace.princeton.edu/handle/88435/dsp011v53k104h,https://doi.org/10.11578/1814943,,,,,,,
Princeton Plasma Physics Laboratory,Spherical Torus,NSTX-U,Prediction of electron density and pressure profile shapes on NSTX-U using neural networks,88435/dsp015999n646v,https://dataspace.princeton.edu/handle/88435/dsp015999n646v,https://doi.org/10.11578/1814948,,,,,,,
Princeton Plasma Physics Laboratory,Spherical Torus,NSTX-U,Synergy of Coupled Kink and Tearing Modes in Fast Ion Transport,88435/dsp01vt150n32t,https://dataspace.princeton.edu/handle/88435/dsp01vt150n32t,https://doi.org/10.11578/1814947,,,,,,,
Princeton Plasma Physics Laboratory,Spherical Torus,NSTX-U,Inversion technique to obtain local ion temperature profiles for an axisymmetric plasma with toroidal and radial velocities,88435/dsp01r207ts405,https://dataspace.princeton.edu/handle/88435/dsp01r207ts405,https://doi.org/10.11578/1814946,,,,,,,
Princeton Plasma Physics Laboratory,Spherical Torus,NSTX-U,The updated ITPA global H-mode confinement database: description and analysis,88435/dsp01m900nx49h,https://dataspace.princeton.edu/handle/88435/dsp01m900nx49h,https://doi.org/10.11578/1814950,,,,,,,
Princeton Plasma Physics Laboratory,Spherical Torus,NSTX-U,"A software package for plasma facing component analysis and
design: the Heat flux Engineering Analysis Toolkit (HEAT)",88435/dsp01x920g0924,https://dataspace.princeton.edu/handle/88435/dsp01x920g0924,https://doi.org/10.11578/1814949,,,,,,,
Princeton Plasma Physics Laboratory,Spherical Torus,NSTX-U,Novel 2D velocity estimation method for large transient events in plasmas,88435/dsp01w3763987d,https://dataspace.princeton.edu/handle/88435/dsp01w3763987d,https://doi.org/10.11578/1814959,,,,,,,
Princeton Plasma Physics Laboratory,Spherical Torus,NSTX-U,Prototype tests of the Electromagnetic Particle Injector-2 for Fast Time Response Disruption Mitigation in Tokamaks,88435/dsp013j3335393,https://dataspace.princeton.edu/handle/88435/dsp013j3335393,https://doi.org/10.11578/1888262,,,,,,,
Princeton Plasma Physics Laboratory,Spherical Torus,NSTX-U,Development of a reduced model for energetic particle transport by sawteeth in tokamaks,88435/dsp013197xq19q,https://dataspace.princeton.edu/handle/88435/dsp013197xq19q,https://doi.org/10.11578/1888255,,,,,,,
Princeton Plasma Physics Laboratory,Spherical Torus,NSTX-U,Predicting Resistive Wall Mode Stability in NSTX through Balanced Random Forests and Counterfactual Explanations,88435/dsp015q47rr88m,https://dataspace.princeton.edu/handle/88435/dsp015q47rr88m,https://doi.org/10.11578/1888266,,,,,,,
Princeton Plasma Physics Laboratory,Spherical Torus,NSTX-U,Nonlinear growth of magnetic islands by passing fast ions in NSTX,88435/dsp01pz50h025c,https://dataspace.princeton.edu/handle/88435/dsp01pz50h025c,https://doi.org/10.11578/1888280,,,,,,,
Princeton Plasma Physics Laboratory,Spherical Torus,NSTX-U,"Parametric dependencies of resonant layer responses across linear, two-fluid, drift-MHD regimes",88435/dsp0170795b825,https://dataspace.princeton.edu/handle/88435/dsp0170795b825,https://doi.org/10.11578/1888264,,,,,,,
Princeton Plasma Physics Laboratory,Spherical Torus,NSTX-U,Reduced Physics Model of the Tokamak Scrape-off-Layer for Pulse Design,88435/dsp01d791sk413,https://dataspace.princeton.edu/handle/88435/dsp01d791sk413,,Erin,Chun,yes,,,,Awaiting approval
Princeton Plasma Physics Laboratory,Spherical Torus,NSTX-U,"Dataset for the letter ""Shifting and Splitting of Resonance Lines due to Dynamical Friction in Plasmas"" Phys. Rev. Lett. 130, 105101 (2023)",88435/dsp011831cp19m,https://dataspace.princeton.edu/handle/88435/dsp011831cp19m,,Erin,Chun,yes,yes,88,"-22.75 mb 8/18. EM check on Mon. Bess says: I downloaded both files to my laptop and both read as 960M there. I think the files are identical, but the systems are calculating Mb differently.",Awaiting approval
Princeton Plasma Physics Laboratory,Spherical Torus,NSTX-U,3D full wave fast wave modeling with realistic HHFW antenna geometry and SOL plasma in NSTX-U,88435/dsp01wh246w38h,https://dataspace.princeton.edu/handle/88435/dsp01wh246w38h,,Erin,Chun,yes,yes,89,One author's first name should be: Syun'ichi / but something's awry with the encoding display. Bug opened here: https://github.com/pulibrary/pdc_describe/issues/1462 Fixed!,Migration in process
Princeton Plasma Physics Laboratory,Spherical Torus,NSTX-U,Role of fast ions in spontaneous neoclassical tearing mode instabilities in NSTX,88435/dsp01sb397c50v,https://dataspace.princeton.edu/handle/88435/dsp01sb397c50v,,Erin,Chun,yes,yes,90,,Awaiting approval
Princeton Plasma Physics Laboratory,Theory,Theory,Topological Langmuir-cyclotron wave,88435/dsp0179408140p,https://dataspace.princeton.edu/handle/88435/dsp0179408140p,,Erin,Erin,yes,yes,82,,Published
Princeton Plasma Physics Laboratory,Theory,Theory,Neoclassical transport in strong gradient regions of large aspect ratio tokamaks,88435/dsp0137720g96v,https://dataspace.princeton.edu/handle/88435/dsp0137720g96v,,Erin,Chun,yes,yes,83,,Awaiting approval
Princeton Plasma Physics Laboratory,Plasma Science & Technology,,Validation and benchmarking of two particle-in-cell codes for a glow discharge,88435/dsp01zs25xb94r,https://dataspace.princeton.edu/handle/88435/dsp01zs25xb94r,https://doi.org/10.11578/1367554,Tyler,Erin,,,77,,Published
Princeton Plasma Physics Laboratory,Plasma Science & Technology,,Effects of Axial Boundary Conductivity on a Free Stewartson-Shercliff Layer,88435/dsp01td96k522z,https://dataspace.princeton.edu/handle/88435/dsp01td96k522z,https://doi.org/10.11578/1561996,,,,,,,
Princeton Plasma Physics Laboratory,Plasma Science & Technology,,"Laboratory study of low-beta forces in arched, line-tied magnetic flux ropes",88435/dsp014x51hm50z,https://dataspace.princeton.edu/handle/88435/dsp014x51hm50z,https://doi.org/10.11578/1367081,,,,,,,
Princeton Plasma Physics Laboratory,Plasma Science & Technology,,"Demonstrating electromagnetic control of free-surface, liquid-metal flows relevant to fusion reactors",88435/dsp01c534fr60f,https://dataspace.princeton.edu/handle/88435/dsp01c534fr60f,https://doi.org/10.11578/1561998,,,,,,,
Princeton Plasma Physics Laboratory,Plasma Science & Technology,,Physics design for a lithium vapor box divertor experiment on Magnum-PSI,88435/dsp01h702q9164,https://dataspace.princeton.edu/handle/88435/dsp01h702q9164,https://doi.org/10.11578/1561999,,,,,,,
Princeton Plasma Physics Laboratory,Plasma Science & Technology,,Electron heating and energy inventory during asymmetric reconnection in a laboratory plasma,88435/dsp01jd4730105,https://dataspace.princeton.edu/handle/88435/dsp01jd4730105,https://doi.org/10.11578/1562000,,,,,,,
Princeton Plasma Physics Laboratory,Plasma Science & Technology,,Whistler wave generation by anisotropic tail electrons during asymmetric magnetic reconnection in space and laboratory,88435/dsp01t148fk89s,https://dataspace.princeton.edu/handle/88435/dsp01t148fk89s,https://doi.org/10.11578/1562001,,,,,,,
Princeton Plasma Physics Laboratory,Plasma Science & Technology,,Hydrogen Retention in Lithium on Metallic Walls from “In Vacuo” Analysis in LTX and Implications for High-Z Plasma-Facing Components in NSTX-U,88435/dsp01cc08hj11w,https://dataspace.princeton.edu/handle/88435/dsp01cc08hj11w,https://doi.org/10.11578/1367156,,,,,,,
Princeton Plasma Physics Laboratory,Plasma Science & Technology,,"Quasi-static and dynamic magnetic tension forces in arched, line-tied magnetic flux ropes",88435/dsp01j67316255,https://dataspace.princeton.edu/handle/88435/dsp01j67316255,https://doi.org/10.11578/1366984,,,,,,,
Princeton Plasma Physics Laboratory,Plasma Science & Technology,,Remote-sensing gas measurements with coherent Rayleigh-Brillouin scattering,88435/dsp01765373814,https://dataspace.princeton.edu/handle/88435/dsp01765373814,https://doi.org/10.11578/1366755,,,,,,,
Princeton Plasma Physics Laboratory,Plasma Science & Technology,,Understanding the dynamics and energetics of magnetic reconnection in a laboratory plasma: Review of recent progress on selected fronts,88435/dsp01vx021h566,https://dataspace.princeton.edu/handle/88435/dsp01vx021h566,https://doi.org/10.11578/1366742,,,,,,,
Princeton Plasma Physics Laboratory,Plasma Science & Technology,,Spontaneous multi-keV electron generation in a low-RF-power axisymmetric mirror machine,88435/dsp019s161896q,https://dataspace.princeton.edu/handle/88435/dsp019s161896q,https://doi.org/10.11578/1562006,,,,,,,
Princeton Plasma Physics Laboratory,Plasma Science & Technology,,Calibrationless rotating Lorentz-force flowmeters for low flow rate applications,88435/dsp011544br79n,https://dataspace.princeton.edu/handle/88435/dsp011544br79n,https://doi.org/10.11578/1562007,,,,,,,
Princeton Plasma Physics Laboratory,Plasma Science & Technology,,Detection of an electron beam in a high density plasma via an electrostatic probe,88435/dsp01m900nx11d,https://dataspace.princeton.edu/handle/88435/dsp01m900nx11d,https://doi.org/10.11578/1562008,,,,,,,
Princeton Plasma Physics Laboratory,Plasma Science & Technology,,Quantitative imaging of carbon dimer precursor for nanomaterial synthesis in the carbon arc,88435/dsp01pc289m744,https://dataspace.princeton.edu/handle/88435/dsp01pc289m744,https://doi.org/10.11578/1562009,,,,,,,
Princeton Plasma Physics Laboratory,Plasma Science & Technology,,Design and measurement methods for a lithium vapor box similarity experiment,88435/dsp01bz60cz987,https://dataspace.princeton.edu/handle/88435/dsp01bz60cz987,https://doi.org/10.11578/1562010,,,,,,,
Princeton Plasma Physics Laboratory,Plasma Science & Technology,,Application of IR imaging for free-surface velocity measurement in liquid-metal systems,88435/dsp015x21th90m,https://dataspace.princeton.edu/handle/88435/dsp015x21th90m,https://doi.org/10.11578/1367552,,,,,,,
Princeton Plasma Physics Laboratory,Plasma Science & Technology,,Experimental calibration procedures for rotating Lorentz-force flowmeters,88435/dsp01m039k7543,https://dataspace.princeton.edu/handle/88435/dsp01m039k7543,https://doi.org/10.11578/1562012,,,,,,,
Princeton Plasma Physics Laboratory,Plasma Science & Technology,,Experimental demonstration of hydraulic jump control in liquid metal channel flow using Lorentz force,88435/dsp01b2773z44j,https://dataspace.princeton.edu/handle/88435/dsp01b2773z44j,https://doi.org/10.11578/1562013,,,,,,,
Princeton Plasma Physics Laboratory,Plasma Science & Technology,,Statistical properties of magnetic structures and energy dissipation during turbulent reconnection in the Earth's magnetotail,88435/dsp01cf95jf52h,https://dataspace.princeton.edu/handle/88435/dsp01cf95jf52h,https://doi.org/10.11578/1814936,,,,,,,
Princeton Plasma Physics Laboratory,Plasma Science & Technology,,Developments on two lithium vapor-box linear test-stand experiments,88435/dsp019306t236q,https://dataspace.princeton.edu/handle/88435/dsp019306t236q,https://doi.org/10.11578/1814944,,,,,,,
Princeton Plasma Physics Laboratory,Plasma Science & Technology,,Multi-Fluid and Kinetic Models of Partially Ionized Magnetic Reconnection,88435/dsp01sj1395028,https://dataspace.princeton.edu/handle/88435/dsp01sj1395028,https://doi.org/10.11578/1814941,,,,,,,
Princeton Plasma Physics Laboratory,Plasma Science & Technology,,A thermodynamic phase transition in magnetic reconnection,88435/dsp018k71nm17d,https://dataspace.princeton.edu/handle/88435/dsp018k71nm17d,https://doi.org/10.11578/1814958,,,,,,,
Princeton Plasma Physics Laboratory,Plasma Science & Technology,,Probe measurements of electric field and electron density fluctuations at megahertz frequencies using in-shaft miniature circuits,88435/dsp01w9505358d,https://dataspace.princeton.edu/handle/88435/dsp01w9505358d,https://doi.org/10.11578/1814954,,,,,,,
Princeton Plasma Physics Laboratory,Plasma Science & Technology,,Effects of Coulomb collisions on lower hybrid drift waves inside a laboratory reconnection current sheet,88435/dsp01b2773z812,https://dataspace.princeton.edu/handle/88435/dsp01b2773z812,https://doi.org/10.11578/1814940,,,,,,,
Princeton Plasma Physics Laboratory,Plasma Science & Technology,,Coupling between Alfven wave and Kelvin-Helmholtz waves in the low latitude boundary layer,88435/dsp013r074z09k,https://dataspace.princeton.edu/handle/88435/dsp013r074z09k,https://doi.org/10.11578/1888256,,,,,,,
Princeton Plasma Physics Laboratory,Plasma Science & Technology,,To dee or not to dee: costs and benefits of altering the triangularity of a steady-state DEMO-like reactor,88435/dsp01rf55zb85t,https://dataspace.princeton.edu/handle/88435/dsp01rf55zb85t,https://doi.org/10.11578/1888268,,,,,,,
Princeton Plasma Physics Laboratory,Plasma Science & Technology,,Interpreting ion-energy distributions using charge exchange emitted from deeply kinetic field-reversed-configuration plasmas,88435/dsp01pk02cd897,https://dataspace.princeton.edu/handle/88435/dsp01pk02cd897,https://doi.org/10.11578/1888263,,,,,,,
Princeton Plasma Physics Laboratory,Plasma Science & Technology,,Study of Stark Broadening of Krypton Helium-beta Lines and Estimation of Electron Density and Temperature in NIF Compressed Capsules,88435/dsp01xk81jp54s,https://dataspace.princeton.edu/handle/88435/dsp01xk81jp54s,https://doi.org/10.11578/1888265,,,,,,,
Princeton Plasma Physics Laboratory,Plasma Science & Technology,,Plasma Facing Components with Capillary Porous System and Liquid Metal Coolant Flow,88435/dsp019w032619d,https://dataspace.princeton.edu/handle/88435/dsp019w032619d,https://doi.org/10.11578/1888272,,,,,,,
Princeton Plasma Physics Laboratory,Plasma Science & Technology,,Electron heating in 2-D: combining Fermi-Ulam acceleration and magnetic-moment non-adiabaticity in a mirror-configuration plasma,88435/dsp01xp68kk38z,https://dataspace.princeton.edu/handle/88435/dsp01xp68kk38z,https://doi.org/10.11578/1888281,,,,,,,
Princeton Plasma Physics Laboratory,Plasma Science & Technology,,Streaked Sub-ps-resolution X-ray Line Shapes and Implications for Solid-density Plasma Dynamics,88435/dsp013n2042309,https://dataspace.princeton.edu/handle/88435/dsp013n2042309,https://doi.org/10.11578/1888277,,,,,,,
Princeton Plasma Physics Laboratory,Plasma Science & Technology,,Feasibility study of a high spatial and time resolution beam emission spectroscopy diagnostic for localized density fluctuation measurements in Lithium Tokamak eXperiment-β (LTX-β),88435/dsp016969z3993,https://dataspace.princeton.edu/handle/88435/dsp016969z3993,,Erin,Chun,yes,yes,84,,Awaiting approval
Princeton Plasma Physics Laboratory,Plasma Science & Technology,,"Laboratory study of the failed torus mechanism in arched, line-tied, magnetic flux ropes",88435/dsp0176537458f,https://dataspace.princeton.edu/handle/88435/dsp0176537458f,,Erin,Chun,yes,yes,85,,Awaiting approval
Princeton Plasma Physics Laboratory,Theory and Computation,,Quasioptical modeling of wave beams with and without mode conversion: II. Numerical simulations of single-mode beams,88435/dsp01qv33s0499,https://dataspace.princeton.edu/handle/88435/dsp01qv33s0499,https://doi.org/10.11578/1562101,,,,,,,
Princeton Plasma Physics Laboratory,Theory and Computation,,Theory of the tertiary instability and the Dimits shift from reduced drift-wave models,88435/dsp01z603r1322,https://dataspace.princeton.edu/handle/88435/dsp01z603r1322,https://doi.org/10.11578/1608302,,,,,,,
Princeton Plasma Physics Laboratory,Theory and Computation,,Electron inertial effects on linearly polarized electromagnetic ion cyclotron waves at Earth's magnetosphere,88435/dsp0105741v49m,https://dataspace.princeton.edu/handle/88435/dsp0105741v49m,https://doi.org/10.11578/1562102,,,,,,,
Princeton Plasma Physics Laboratory,Theory and Computation,,Verification of the global gyrokinetic stellarator code XGC-S for linear ion temperature gradient driven modes,88435/dsp015138jh70d,https://dataspace.princeton.edu/handle/88435/dsp015138jh70d,https://doi.org/10.11578/1562103,,,,,,,
Princeton Plasma Physics Laboratory,Theory and Computation,,Comment on ‘Numerical modeling of tokamak breakdown phase driven by pure Ohmic heating under ideal conditions’,88435/dsp015h73pz85r,https://dataspace.princeton.edu/handle/88435/dsp015h73pz85r,https://doi.org/10.11578/1562104,,,,,,,
Princeton Plasma Physics Laboratory,Theory and Computation,,Nonlinear saturation and oscillations of collisionless zonal flows,88435/dsp01m613n138p,https://dataspace.princeton.edu/handle/88435/dsp01m613n138p,https://doi.org/10.11578/1562105,,,,,,,
Princeton Plasma Physics Laboratory,Theory and Computation,,Gyrokinetic understanding of the edge pedestal transport driven by resonant magnetic perturbations in a realistic divertor geometry,88435/dsp01ng451m42w,https://dataspace.princeton.edu/handle/88435/dsp01ng451m42w,https://doi.org/10.11578/1661170,,,,,,,
Princeton Plasma Physics Laboratory,Theory and Computation,,Quasioptical modeling of wave beams with and without mode conversion: III. Numerical simulations of mode-converting beams,88435/dsp01m326m456h,https://dataspace.princeton.edu/handle/88435/dsp01m326m456h,https://doi.org/10.11578/1562107,,,,,,,
Princeton Plasma Physics Laboratory,Theory and Computation,,Vertical forces during VDEs in an ITER plasma and the role of halo currents,88435/dsp012r36v143d,https://dataspace.princeton.edu/handle/88435/dsp012r36v143d,https://doi.org/10.11578/1608312,,,,,,,
Princeton Plasma Physics Laboratory,Theory and Computation,,Solitary zonal structures in subcritical drift waves: a minimum model,88435/dsp01xp68kk12s,https://dataspace.princeton.edu/handle/88435/dsp01xp68kk12s,https://doi.org/10.11578/1608313,,,,,,,
Princeton Plasma Physics Laboratory,Theory and Computation,,Formation of solitary zonal structures via the modulational instability of drift waves,88435/dsp016h440w27m,https://dataspace.princeton.edu/handle/88435/dsp016h440w27m,https://doi.org/10.11578/1562106,,,,,,,
Princeton Plasma Physics Laboratory,Theory and Computation,,Deep convolutional neural networks for multi-scale time-series classification and application to disruption prediction in fusion devices,88435/dsp013b591c48v,https://dataspace.princeton.edu/handle/88435/dsp013b591c48v,https://doi.org/10.11578/1661171,,,,,,,
Princeton Plasma Physics Laboratory,Theory and Computation,,Theory of the tertiary instability and the Dimits shift within a scalar model,88435/dsp016q182p06m,https://dataspace.princeton.edu/handle/88435/dsp016q182p06m,https://doi.org/10.11578/1661169,,,,,,,
Princeton Plasma Physics Laboratory,Theory and Computation,,Intrinsic Rotation in Axisymmetric Devices,88435/dsp01rr1721090,https://dataspace.princeton.edu/handle/88435/dsp01rr1721090,https://doi.org/10.11578/1608293,,,,,,,
Princeton Plasma Physics Laboratory,Theory and Computation,,Wave-kinetic approach to zonal-flow dynamics: recent advances,88435/dsp01ws859j72v,https://dataspace.princeton.edu/handle/88435/dsp01ws859j72v,https://doi.org/10.11578/1814951,,,,,,,
Princeton Plasma Physics Laboratory,Theory and Computation,,Implementation of higher-order velocity mapping between marker particles and grid in the particle-in-cell code XGC,88435/dsp014t64gr246,https://dataspace.princeton.edu/handle/88435/dsp014t64gr246,https://doi.org/10.11578/1814952,,,,,,,
Princeton Plasma Physics Laboratory,Theory and Computation,,Hybrid simulations of sub-cyclotron compressional and global Alfven Eigenmode stability in spherical tokamaks,88435/dsp0112579w33q,https://dataspace.princeton.edu/handle/88435/dsp0112579w33q,https://doi.org/10.11578/1814953,,,,,,,
Princeton Plasma Physics Laboratory,Theory and Computation,,Topological phases and bulk-edge correspondence of magnetized cold plasmas,88435/dsp01qj72pb21d,https://dataspace.princeton.edu/handle/88435/dsp01qj72pb21d,https://doi.org/10.11578/1814934,,,,,,,
Princeton Plasma Physics Laboratory,Theory and Computation,,Gyrokinetic simulations of momentum flux parasitic to free-energy transfer,88435/dsp011g05ff76p,https://dataspace.princeton.edu/handle/88435/dsp011g05ff76p,https://doi.org/10.11578/1888279,,,,,,,
Princeton Plasma Physics Laboratory,Theory and Computation,,Effects of collisional ion orbit loss on neoclassical tokamak radial electric fields,88435/dsp01qz20sw65g,https://dataspace.princeton.edu/handle/88435/dsp01qz20sw65g,https://doi.org/10.11578/1888260,Tyler,Chun,,,87,,
Princeton Plasma Physics Laboratory,Theory and Computation,,The dispersion and propagation of topological Langmuir-cyclotron waves in cold magnetized plasmas,88435/dsp011g05ff77b,https://dataspace.princeton.edu/handle/88435/dsp011g05ff77b,https://doi.org/10.11578/1888276,,,,,,,
,,,,,,,,,,,,,
Astrophysical Sciences,Research Data Sets,,Antialigned Rapidly Spinning Dipoles,88435/dsp016395w7223,https://dataspace.princeton.edu/handle/88435/dsp016395w7223,,,,,,,,
Astrophysical Sciences,Research Data Sets,,90 degree Inclined Pulsar,88435/dsp012b88qc316,https://dataspace.princeton.edu/handle/88435/dsp012b88qc316,,,,,,,,
Astrophysical Sciences,Research Data Sets,,Aligned Nonspinning Dipoles,88435/dsp01k930bx153,https://dataspace.princeton.edu/handle/88435/dsp01k930bx153,,,,,,,,
Astrophysical Sciences,Research Data Sets,,Antialigned Nonspinning Dipoles,88435/dsp01fj2362233,https://dataspace.princeton.edu/handle/88435/dsp01fj2362233,,,,,,,,
Astrophysical Sciences,Research Data Sets,,Aligned Rapidly Spinning Dipoles,88435/dsp019w032314c,https://dataspace.princeton.edu/handle/88435/dsp019w032314c,,,,,,,,
Astrophysical Sciences,Research Data Sets,,60 degree Inclined Pulsar,88435/dsp01st74cq59f,https://dataspace.princeton.edu/handle/88435/dsp01st74cq59f,,,,,,,,
Astrophysical Sciences,Research Data Sets,,"Movies for article ""Relativistic Reconnection: an Efficient Source of Nonthermal Particles""",88435/dsp01jq085k10v,https://dataspace.princeton.edu/handle/88435/dsp01jq085k10v,,,,,,,,
Astrophysical Sciences,Research Data Sets,,Dynamical Magnetic Fields of Antialigned Nonspinning Dipoles,88435/dsp01xk81jk512,https://dataspace.princeton.edu/handle/88435/dsp01xk81jk512,,,,,,,,
Astrophysical Sciences,Research Data Sets,,An extended MHD study of the 16 October 2015 MMS diffusion region crossing,88435/dsp011j92gb30r,https://dataspace.princeton.edu/handle/88435/dsp011j92gb30r,,,,,,,,
Astrophysical Sciences,Research Data Sets,,Graphite: Dielectric Tensor and Cross Sections for Spheres and Spheroids,88435/dsp01nc580q118,https://dataspace.princeton.edu/handle/88435/dsp01nc580q118,,,,,,,,
Astrophysical Sciences,Research Data Sets,,Fermi-LAT Example Data and Template,88435/dsp0179408065m,https://dataspace.princeton.edu/handle/88435/dsp0179408065m,,,,,,,,
Astrophysical Sciences,Research Data Sets,,Light Curves from a Search for Variable Stars in the Globular Cluster M4 with K2,88435/dsp01h415pd368,https://dataspace.princeton.edu/handle/88435/dsp01h415pd368,,,,,,,,
Astrophysical Sciences,Research Data Sets,,Dust and Starlight Maps for Galaxies in the KINGFISH Sample,88435/dsp01hx11xj13h,https://dataspace.princeton.edu/handle/88435/dsp01hx11xj13h,,,,,,,,
Astrophysical Sciences,Research Data Sets,,The Molino Suite of Galaxy Mock Catalogs,88435/dsp012v23vx458,https://dataspace.princeton.edu/handle/88435/dsp012v23vx458,,,,,,,,
Astrophysical Sciences,Research Data Sets,,"The Dielectric Function of ""Astrodust"", and Absorption and Scattering Cross Sections for Spheroids",88435/dsp01qb98mj541,https://dataspace.princeton.edu/handle/88435/dsp01qb98mj541,,,,,,,,
Astrophysical Sciences,Research Data Sets,,TIGRESS simulation data,88435/dsp01s7526g63n,https://dataspace.princeton.edu/handle/88435/dsp01s7526g63n,,,,,,,,
Chemical and Biological Engineering,Research Data Sets,,"Data from ""Signatures of a liquid-liquid transition in an ab initio deep neural network model for water""",88435/dsp01b5644v47m,https://dataspace.princeton.edu/handle/88435/dsp01b5644v47m,,,,,,,,
Chemical and Biological Engineering,Research Data Sets,,"Data from ""Manifestations of metastable criticality in glassy water-like models detected by large-scale structural properties""",88435/dsp0137720g78x,https://dataspace.princeton.edu/handle/88435/dsp0137720g78x,,,,,,,,
Chemical and Biological Engineering,Research Data Sets,,"Data from ""Vapor-liquid equilibrium of water with the MB-pol many-body potential""",88435/dsp01br86b664p,https://dataspace.princeton.edu/handle/88435/dsp01br86b664p,,,,,,,,
Chemical and Biological Engineering,Research Data Sets,,"Data corresponding to our paper on ""Chemotactic smoothing of collective migration""",88435/dsp01wh246w219,https://dataspace.princeton.edu/handle/88435/dsp01wh246w219,,,,,,,,
Chemical and Biological Engineering,Research Data Sets,,Chiral Tetramer Molecular Model,88435/dsp01z890rx36m,https://dataspace.princeton.edu/handle/88435/dsp01z890rx36m,,,,,,,,
Chemical and Biological Engineering,Research Data Sets,,"Data from ""Transferability of data-driven, many-body models for CO2 simulations in the vapor and liquid phases""",88435/dsp019g54xm81w,https://dataspace.princeton.edu/handle/88435/dsp019g54xm81w,,,,,,,,
Chemical and Biological Engineering,Research Data Sets,,Data for Coarse-grained Intrinsically Disordered Proteins,88435/dsp01765374506,https://dataspace.princeton.edu/handle/88435/dsp01765374506,,,,,,,,
Chemical and Biological Engineering,Research Data Sets,,Molecular Dynamics Trajectories and Analysis Code Demonstrating  Liquid-Liquid Criticality in the WAIL Water Model,88435/dsp015712m969w,https://dataspace.princeton.edu/handle/88435/dsp015712m969w,,,,,,,,
Chemical and Biological Engineering,Research Data Sets,,"Data on Enzyme Activity Retention in glucose oxidase, lipase, and horseradish peroxidase",88435/dsp01s1784p89m,https://dataspace.princeton.edu/handle/88435/dsp01s1784p89m,,,,,,,,
Chemical and Biological Engineering,Research Data Sets,,"Data from ""Liquid-liquid transition in water from first principles""",88435/dsp01qz20sw67s,https://dataspace.princeton.edu/handle/88435/dsp01qz20sw67s,,,,,,,,
Chemical and Biological Engineering,Research Data Sets,,Genetic Algorithm Crystal Optimization in a Chiral Tetramer Model System,88435/dsp01rv042x26t,https://dataspace.princeton.edu/handle/88435/dsp01rv042x26t,,,,,,,,
Chemical and Biological Engineering,Research Data Sets,,"Files for: ""A Deep Potential model for liquid-vapor equilibrium and cavitation rates of water""",88435/dsp01j098zf33b,https://dataspace.princeton.edu/handle/88435/dsp01j098zf33b,,,,,,,,
Chemical and Biological Engineering,Research Data Sets,,Grand Canonical Monte Carlo Codes and Data for Lattice Chain Phase and Aggregation Behavior,88435/dsp01c247dw32c,https://dataspace.princeton.edu/handle/88435/dsp01c247dw32c,,,,,,,,
Chemical and Biological Engineering,Research Data Sets,,"Data for ""First-principles-based Machine Learning Models for Phase Behavior and Transport Properties of CO2""",88435/dsp01dj52w794k,https://dataspace.princeton.edu/handle/88435/dsp01dj52w794k,,,,,,,,
Chemistry,Research Data Sets,,Deep Potential training data for subcritical and supercritical water,88435/dsp01wh246w11p,https://dataspace.princeton.edu/handle/88435/dsp01wh246w11p,,,,,,,,
Chemistry,Research Data Sets,,Deep Potential training data for crystalline and disordered TiO2 phases,88435/dsp01st74ct51z,https://dataspace.princeton.edu/handle/88435/dsp01st74ct51z,,,,,,,,
Chemistry,Research Data Sets,,"Data from ""Homogeneous ice nucleation in an ab initio machine learning model""",88435/dsp01x633f4197,https://dataspace.princeton.edu/handle/88435/dsp01x633f4197,,,,,,,,
Chemistry,Research Data Sets,,"Data from ""Melting curves of ice polymorphs in the vicinity of the liquid-liquid critical point""",88435/dsp01gt54kr255,https://dataspace.princeton.edu/handle/88435/dsp01gt54kr255,,,,,,,,
Civil and Environmental Engineering,CEE Research Data Sets,,"Complete Dataset for Williams Site Pore Water Chemistry, March 2011 - April 2012",88435/dsp01zc77sq232,https://dataspace.princeton.edu/handle/88435/dsp01zc77sq232,,,,,,,,
Civil and Environmental Engineering,CEE Research Data Sets,,Basin-Scale Leakage Risks from Geologic Carbon Sequestration: Impact on Carbon Capture and Storage Energy Market Competitiveness,88435/dsp01v979v322v,https://dataspace.princeton.edu/handle/88435/dsp01v979v322v,,,,,,,,
Civil and Environmental Engineering,CEE Research Data Sets,,Baltimore MD HydroNEXRAD (KLW) radar rainfall data set,88435/dsp01q524jr55d,https://dataspace.princeton.edu/handle/88435/dsp01q524jr55d,,,,,,,,
Civil and Environmental Engineering,CEE Research Data Sets,,Calibrated VIC Model Parameters over CONUS,88435/dsp019880vt84z,https://dataspace.princeton.edu/handle/88435/dsp019880vt84z,,,,,,,,
Civil and Environmental Engineering,CEE Research Data Sets,,Hurricane Sandy’s flood frequency increasing from year 1800 to 2100,88435/dsp01fn107142z,https://dataspace.princeton.edu/handle/88435/dsp01fn107142z,,,,,,,,
Civil and Environmental Engineering,CEE Research Data Sets,,Collapse of reacted fracture surface decreases permeability and frictional strength,88435/dsp013f4628214,https://dataspace.princeton.edu/handle/88435/dsp013f4628214,,,,,,,,
Civil and Environmental Engineering,CEE Research Data Sets,,Methane emissions from oil and gas platforms in the North Sea.,88435/dsp015999n6220,https://dataspace.princeton.edu/handle/88435/dsp015999n6220,,PRDS,PRDS,,,,,
Civil and Environmental Engineering,CEE Research Data Sets,,"Fracture aperture maps used to study reactive transport, channelization, and permeability evolution in carbonate rocks.",88435/dsp01sb397b922,https://dataspace.princeton.edu/handle/88435/dsp01sb397b922,,,,,,,,
Civil and Environmental Engineering,CEE Research Data Sets,,Methane Emissions from Natural Gas Vehicles in China,88435/dsp01tx31qm61v,https://dataspace.princeton.edu/handle/88435/dsp01tx31qm61v,,,,,,,,
Civil and Environmental Engineering,CEE Research Data Sets,,Marcellus Shale Unconventional Natural Gas Well Pad Emissions,88435/dsp01wh246v90d,https://dataspace.princeton.edu/handle/88435/dsp01wh246v90d,,,,,,,,
Civil and Environmental Engineering,CEE Research Data Sets,,2-km resolution oversampled NH3 data,88435/dsp018s45qc83f,https://dataspace.princeton.edu/handle/88435/dsp018s45qc83f,,,,,,,,
Civil and Environmental Engineering,CEE Research Data Sets,,"Data for ""Ammonia Dry Deposition in an Alpine Ecosystem Traced to Agricultural Emission Hotpots""",88435/dsp01zp38wg69n,https://dataspace.princeton.edu/handle/88435/dsp01zp38wg69n,,,,,,,,
Civil and Environmental Engineering,CEE Research Data Sets,,"Data for ""A New Open-path Eddy Covariance Method for N2O and Other Trace Gases that Minimizes Temperature Corrections""",88435/dsp01dn39x467g,https://dataspace.princeton.edu/handle/88435/dsp01dn39x467g,,,,,,,,
Civil and Environmental Engineering,CEE Research Data Sets,,"Supplement to PhD Dissertation: ""Subsurface Computational Modeling and Policy Analysis of Large-Scale Carbon Capture, Utilization, and Storage (2022)""",88435/dsp01n870zt98h,https://dataspace.princeton.edu/handle/88435/dsp01n870zt98h,,,,,,,,
Civil and Environmental Engineering,CEE Research Data Sets,,"Data for ""Spatial heterogeneity of ammonia fluxes in a deciduous forest and adjacent grassland""",88435/dsp01b2773z901,https://dataspace.princeton.edu/handle/88435/dsp01b2773z901,,,,,,,,
Computational Social Science,Research Data Sets,,"Estimated The New York Times paragraph- and article-level sentiment on China topics, and aggregated survey attitude toward China",88435/dsp011544bs176,https://dataspace.princeton.edu/handle/88435/dsp011544bs176,,,,,,,,
Department of Geosciences,Research Data Sets,,Dataset for JGR Article (DOI: 10.1002/2014JD022278),88435/dsp01st74cs697,https://dataspace.princeton.edu/handle/88435/dsp01st74cs697,,,,,,,,
Department of Geosciences,Research Data Sets,,Fossil corals as an archive of secular variations in seawater chemistry since the Mesozoic,88435/dsp013f462780m,https://dataspace.princeton.edu/handle/88435/dsp013f462780m,,,,,,,,
Department of Geosciences,Research Data Sets,,Sound velocities in shock-synthesized stishovite to 72 GPa,88435/dsp01mw22v8352,https://dataspace.princeton.edu/handle/88435/dsp01mw22v8352,,,,,,,,
Department of Geosciences,Research Data Sets,,"Supplementary Model Output to ""Climate, soil organic layer, and nitrogen jointly drive forest development after fire in the North American boreal zone""",88435/dsp01cf95jd86d,https://dataspace.princeton.edu/handle/88435/dsp01cf95jd86d,,,,,,,,
,,,,,,,,,,,,,
Department of Geosciences,Research Data Sets,,Data for Nature Climate Change article 'Regional dry-season climate changes due to three decades of Amazonian deforestation',88435/dsp017s75df850,https://dataspace.princeton.edu/handle/88435/dsp017s75df850,,,,,,,,
Department of Geosciences,Research Data Sets,,Regional hydroclimatic variability due to contemporary deforestation in southern Amazonia and associated boundary layer characteristics,88435/dsp010v8383240,https://dataspace.princeton.edu/handle/88435/dsp010v8383240,,,,,,,,
Department of Geosciences,Research Data Sets,,Climate Impacts from Large Volcanic Eruptions in a High-resolution Climate Model: the Importance of Forcing Structure,88435/dsp01qf85nf101,https://dataspace.princeton.edu/handle/88435/dsp01qf85nf101,,,,,,,,
Department of Geosciences,Research Data Sets,,Data for: 'Facies control on carbonate δ13C on the Great Bahama Bank',88435/dsp01v405sd44w,https://dataspace.princeton.edu/handle/88435/dsp01v405sd44w,,,,,,,,
Department of Geosciences,Research Data Sets,,Data for: 'How is sea level change encoded in carbonate stratigraphy?',88435/dsp01xw42nb960,https://dataspace.princeton.edu/handle/88435/dsp01xw42nb960,,,,,,,,
Department of Geosciences,Research Data Sets,,Data for: Three-Dimensional Morphometry of Ooids in Oolites: a new tool for more accurate and precise paleoenvironmental interpretation,88435/dsp01s7526g48p,https://dataspace.princeton.edu/handle/88435/dsp01s7526g48p,,,,,,,,
Department of Geosciences,Research Data Sets,,North Atlantic Hurricane and Major Hurricane Frequency Undersampling Estimate for 1851-2019,88435/dsp01f7623g669,https://dataspace.princeton.edu/handle/88435/dsp01f7623g669,,,,,,,,
Department of Geosciences,Research Data Sets,,"Experimental data for paper ""hydraulic transmissivity inferred from ice-sheet relaxation following Greenland supraglacial lake drainages""",88435/dsp019g54xm73k,https://dataspace.princeton.edu/handle/88435/dsp019g54xm73k,,,,,,,,
Department of Geosciences,Research Data Sets,,Why is El Nino warm?,88435/dsp01rr172128k,https://dataspace.princeton.edu/handle/88435/dsp01rr172128k,,,,,,,,
Department of Geosciences,Research Data Sets,,Data for “Global adjoint tomography—model GLAD-M25”,88435/dsp01sf268825c,https://dataspace.princeton.edu/handle/88435/dsp01sf268825c,,,,,,,,
Department of Geosciences,Research Data Sets,,Single-crystal X-ray diffraction of fluorapatite to 61 GPa: Structural Data,88435/dsp01mp48sg938,https://dataspace.princeton.edu/handle/88435/dsp01mp48sg938,,,,,,,,
Department of Geosciences,Research Data Sets,,"Data for: ""Structure and Density of Silicon Carbide to 1.5 TPa and Implications for Extrasolar Planets""",88435/dsp01w3763993d,https://dataspace.princeton.edu/handle/88435/dsp01w3763993d,,,,,,,,
Department of Geosciences,Research Data Sets,,"Data for: ""The origin of non-skeletal carbonate mud and implications for global climate""",88435/dsp01xd07gw85q,https://dataspace.princeton.edu/handle/88435/dsp01xd07gw85q,,,,,,,,
Department of Geosciences,Research Data Sets,,Three dimensional archaeocyathide and coral imagery for morphologic analysis,88435/dsp01st74ct67h,https://dataspace.princeton.edu/handle/88435/dsp01st74ct67h,,,,,,,,
Department of Geosciences,Research Data Sets,,Shock Compression of Fluorapatite to 120 GPa: Wave Profile Data,88435/dsp019s161938w,https://dataspace.princeton.edu/handle/88435/dsp019s161938w,,,,,,,,
Digital Humanities,Research Data Sets,,Shakespeare and Company Project Dataset: Lending Library Members,88435/dsp0105741v63x,https://dataspace.princeton.edu/handle/88435/dsp0105741v63x,,,,,,,,
Digital Humanities,Research Data Sets,,Shakespeare and Company Project Dataset: Lending Library Books,88435/dsp016w924f76z,https://dataspace.princeton.edu/handle/88435/dsp016w924f76z,,,,,,,,
Digital Humanities,Research Data Sets,,Shakespeare and Company Project Dataset: Lending Library Events,88435/dsp013484zk85z,https://dataspace.princeton.edu/handle/88435/dsp013484zk85z,,,,,,,,
Digital Humanities,Research Data Sets,,"Shakespeare and Company Project Dataset: Lending Library Members, Books, Events",88435/dsp01zc77st047,https://dataspace.princeton.edu/handle/88435/dsp01zc77st047,,,,,,,,
Digital Humanities,Research Data Sets,,"Shakespeare and Company Project Dataset: Lending Library Members, Books, Events",88435/dsp01fx719q532,https://dataspace.princeton.edu/handle/88435/dsp01fx719q532,,,,,,,,
Digital Humanities,Research Data Sets,,Shakespeare and Company Project Dataset: Lending Library Members,88435/dsp01b5644v608,https://dataspace.princeton.edu/handle/88435/dsp01b5644v608,,,,,,,,
Digital Humanities,Research Data Sets,,Shakespeare and Company Project Dataset: Lending Library Books,88435/dsp016d570067j,https://dataspace.princeton.edu/handle/88435/dsp016d570067j,,,,,,,,
Digital Humanities,Research Data Sets,,Shakespeare and Company Project Dataset: Lending Library Events,88435/dsp012n49t475g,https://dataspace.princeton.edu/handle/88435/dsp012n49t475g,,,,,,,,
Digital Humanities,Research Data Sets,,Derrida's Margins datasets,88435/dsp01v405sd526,https://dataspace.princeton.edu/handle/88435/dsp01v405sd526,,,,,,,,
Digital Humanities,Research Data Sets,,Derrida's Margins datasets,88435/dsp01gf06g579z,https://dataspace.princeton.edu/handle/88435/dsp01gf06g579z,,,,,,,,
Digital Humanities,Research Data Sets,,Shakespeare and Company Project Dataset: Lending Library Books,88435/dsp01jm214s28p,https://dataspace.princeton.edu/handle/88435/dsp01jm214s28p,,,,,,,,
Digital Humanities,Research Data Sets,,Shakespeare and Company Project Dataset: Lending Library Members,88435/dsp01dv13zx35z,https://dataspace.princeton.edu/handle/88435/dsp01dv13zx35z,,,,,,,,
Digital Humanities,Research Data Sets,,Shakespeare and Company Project Dataset: Lending Library Events,88435/dsp019306t2441,https://dataspace.princeton.edu/handle/88435/dsp019306t2441,,,,,,,,
Digital Humanities,Research Data Sets,,"Shakespeare and Company Project Dataset: Lending Library Members, Books, Events",88435/dsp015d86p336b,https://dataspace.princeton.edu/handle/88435/dsp015d86p336b,,,,,,,,
,,,,,,,,,,,,,
,,,,,,,,,,,,,
Geophysical Fluid Dynamics Laboratory,Research Data Sets,,Supporting GFDL data for Southern Ocean Freshwater release model experiments Initiative (SOFIA)”,88435/dsp01000003268,https://dataspace.princeton.edu/handle/88435/dsp01000003268,,,,,,,,
Lewis-Sigler Institute for Integrative Genomics,Research Data Sets,,A dual-mechanism antibiotic kills Gram-negative bacteria and avoids drug resistance,88435/dsp01cr56n3903,https://dataspace.princeton.edu/handle/88435/dsp01cr56n3903,,,,,,,,
,,,,,,,,,,,,,
Lewis-Sigler Institute for Integrative Genomics,Research Data Sets,,CrvA and CrvB form a curvature-inducing module sufficient to induce cell shape complexity in Gram-negative bacteria,88435/dsp018g84mq34k,https://dataspace.princeton.edu/handle/88435/dsp018g84mq34k,,,,,,,,
Lewis-Sigler Institute for Integrative Genomics,Research Data Sets,,"Code and data from ""Comparative genomic analysis reveals varying levels of mammalian adaptation to coronavirus infections""",88435/dsp011v53k110h,https://dataspace.princeton.edu/handle/88435/dsp011v53k110h,,,,,,,,
Lewis-Sigler Institute for Integrative Genomics,Research Data Sets,,Data and code for “Structured foraging of soil predators unveils functional responses to bacterial defenses”,88435/dsp018c97kt64b,https://dataspace.princeton.edu/handle/88435/dsp018c97kt64b,,,,,,,,
Lewis-Sigler Institute for Integrative Genomics,Research Data Sets,,"Data set for ""NAPS: Integrating pose estimation and tag-based tracking""",88435/dsp01jd473068h,https://dataspace.princeton.edu/handle/88435/dsp01jd473068h,,,,,,,,
Mechanical and Aerospace Engineering,MAE Research Data Sets,,Speech can produce jet-like transport relevant to asymptomatic spreading of virus: dataset of experiments and simulations,88435/dsp016d5700568,https://dataspace.princeton.edu/handle/88435/dsp016d5700568,,,,,,,,
Mechanical and Aerospace Engineering,MAE Research Data Sets,,Regulation of Harvester Ant Foraging as a Closed-Loop Excitable System,88435/dsp01qv33s040d,https://dataspace.princeton.edu/handle/88435/dsp01qv33s040d,,,,,,,,
Mechanical and Aerospace Engineering,MAE Research Data Sets,,Instability of shear flows in spatially periodic domains,88435/dsp01zw12z8154,https://dataspace.princeton.edu/handle/88435/dsp01zw12z8154,,,,,,,,
Mechanical and Aerospace Engineering,MAE Research Data Sets,,Fluorescence Reconstruction Microscopy Data: Keratinocyte (10x) Phase to Nuclei (DAPI),88435/dsp019w032593v,https://dataspace.princeton.edu/handle/88435/dsp019w032593v,,,,,,,,
Mechanical and Aerospace Engineering,MAE Research Data Sets,,Fluid-driven Cracks in an Elastic Matrix in the Toughness-Dominated Limit,88435/dsp01pv63g266t,https://dataspace.princeton.edu/handle/88435/dsp01pv63g266t,,,,,,,,
Mechanical and Aerospace Engineering,MAE Research Data Sets,,Fluorescence Reconstruction Microscopy: Complete Testing Dataset,88435/dsp013r074x85b,https://dataspace.princeton.edu/handle/88435/dsp013r074x85b,,,,,,,,
Mechanical and Aerospace Engineering,MAE Research Data Sets,,Fluorescence Reconstruction Microscopy Data: MDCK (20x) DIC to Nuclei (DAPI) and E-Cadherin (RFP),88435/dsp019880vt87x,https://dataspace.princeton.edu/handle/88435/dsp019880vt87x,,,,,,,,
Mechanical and Aerospace Engineering,MAE Research Data Sets,,Bubble pinch-off in turbulence,88435/dsp014f16c5691,https://dataspace.princeton.edu/handle/88435/dsp014f16c5691,,,,,,,,
Mechanical and Aerospace Engineering,MAE Research Data Sets,,"Main text data for the article ""CO2-leakage-driven diffusiophoresis causes spontaneous accumulation of charged materials in channel flow.""",88435/dsp01ft848t62x,https://dataspace.princeton.edu/handle/88435/dsp01ft848t62x,,,,,,,,
Mechanical and Aerospace Engineering,MAE Research Data Sets,,"Data set for ""Statistics of jet drop production""",88435/dsp018623j1807,https://dataspace.princeton.edu/handle/88435/dsp018623j1807,,,,,,,,
Mechanical and Aerospace Engineering,MAE Research Data Sets,,Static measurements of a NACA 0021 airfoil at high Reynolds numbers,88435/dsp01hx11xj352,https://dataspace.princeton.edu/handle/88435/dsp01hx11xj352,,,,,,,,
Mechanical and Aerospace Engineering,MAE Research Data Sets,,Shear-induced migration of confined flexible fibers: dataset of experiments and processing,88435/dsp01kp78gk519,https://dataspace.princeton.edu/handle/88435/dsp01kp78gk519,,,,,,,,
Mechanical and Aerospace Engineering,MAE Research Data Sets,,"Data set for ""Role of contamination in optimal droplet production by collective bubble bursting""",88435/dsp01kd17cw99n,https://dataspace.princeton.edu/handle/88435/dsp01kd17cw99n,,,,,,,,
Mechanical and Aerospace Engineering,MAE Research Data Sets,,Data set for Speed and Acceleration of Droplets Generated by Breaking Wind Waves,88435/dsp01d504rp486,https://dataspace.princeton.edu/handle/88435/dsp01d504rp486,,,,,,,,
Mechanical and Aerospace Engineering,MAE Research Data Sets,,"Data set for ""Three-dimensional measurements of air entrainment and enhanced bubble transport during wave breaking""",88435/dsp01js956j98q,https://dataspace.princeton.edu/handle/88435/dsp01js956j98q,,,,,,,,
Mechanical and Aerospace Engineering,MAE Research Data Sets,,High Reynolds Number Wind Turbine Wake Data,88435/dsp012514np655,https://dataspace.princeton.edu/handle/88435/dsp012514np655,,,,,,,,
Mechanical and Aerospace Engineering,MAE Research Data Sets,,Princeton Dynamic Stall Database: Upward ramp-type pitching motions,88435/dsp01jd473062k,https://dataspace.princeton.edu/handle/88435/dsp01jd473062k,,,,,,,,
Mechanical and Aerospace Engineering,MAE Research Data Sets,,"Data set for ""Ocean emission of microplastic by bursting bubble jet drops""",88435/dsp01qz20sw724,https://dataspace.princeton.edu/handle/88435/dsp01qz20sw724,,,,,,,,
,,,,,,,,,,,,,
Molecular Biology,Research DataSets,,Supplementary data for thesis: The Evolution and Regulation of Morphological Complexity in the Vibrios,88435/dsp01vq27zr562,https://dataspace.princeton.edu/handle/88435/dsp01vq27zr562,,,,,,,,
Molecular Biology,Research DataSets,,Telomere Length in Preterm Infants,88435/dsp018s45qd01r,https://dataspace.princeton.edu/handle/88435/dsp018s45qd01r,,,,,,,,
Physics,Physics Research Data Sets,,Princeton Open Ventilation Monitor,88435/dsp01h415pd70t,https://dataspace.princeton.edu/handle/88435/dsp01h415pd70t,,,,,,,,
Princeton Neuroscience Institute,Research Data Sets,,Attentional Modulation of Brain Responses to Primary Appetitive and Aversive Stimuli,88435/dsp0170795988h,https://dataspace.princeton.edu/handle/88435/dsp0170795988h,,,,,,,,
Princeton Neuroscience Institute,Research Data Sets,,Amplification of local changes along the timescale processing hierarchy,88435/dsp01ks65hf84n,https://dataspace.princeton.edu/handle/88435/dsp01ks65hf84n,,,,,,,,
Princeton Neuroscience Institute,Research Data Sets,,MultiChannel Pattern Analysis: Correlation-Based Decoding with fNIRS,88435/dsp01xs55mf543,https://dataspace.princeton.edu/handle/88435/dsp01xs55mf543,,,,,,,,
Princeton Neuroscience Institute,Research Data Sets,,Sherlock Movie Watching Dataset,88435/dsp01nz8062179,https://dataspace.princeton.edu/handle/88435/dsp01nz8062179,,,,,,,,
Princeton Neuroscience Institute,Research Data Sets,,Competitive learning modulates memory consolidation during sleep,88435/dsp01wp988n60t,https://dataspace.princeton.edu/handle/88435/dsp01wp988n60t,,,,,,,,
Princeton Neuroscience Institute,Research Data Sets,,Natural Movie - Grass Stalks,88435/dsp010r967622k,https://dataspace.princeton.edu/handle/88435/dsp010r967622k,,,,,,,,
Princeton Neuroscience Institute,Research Data Sets,,Complementary learning systems within the hippocampus: A neural network modeling approach to reconciling episodic memory with statistical learning,88435/dsp010v838304r,https://dataspace.princeton.edu/handle/88435/dsp010v838304r,,,,,,,,
Princeton Neuroscience Institute,Research Data Sets,,Fast animal pose estimation using deep neural networks,88435/dsp01pz50gz79z,https://dataspace.princeton.edu/handle/88435/dsp01pz50gz79z,,,,,,,,
Princeton Neuroscience Institute,Research Data Sets,,The Structured `Low Temperature' Phase of the Retinal Population Code,88435/dsp016d5700272,https://dataspace.princeton.edu/handle/88435/dsp016d5700272,,,,,,,,
Princeton Neuroscience Institute,Research Data Sets,,Accessing Real-Life Episodic Information from Minutes versus Hours Earlier Modulates Hippocampal and High-Order Cortical Dynamics,88435/dsp01bv73c289q,https://dataspace.princeton.edu/handle/88435/dsp01bv73c289q,,,,,,,,
Princeton Neuroscience Institute,Research Data Sets,,Unsupervised identification of the internal states that shape natural behavior,88435/dsp01rv042w888,https://dataspace.princeton.edu/handle/88435/dsp01rv042w888,,,,,,,,
Princeton Neuroscience Institute,Research Data Sets,,Dynamic reconfiguration of the default mode network during narrative comprehension,88435/dsp015d86p269k,https://dataspace.princeton.edu/handle/88435/dsp015d86p269k,,,,,,,,
Princeton Neuroscience Institute,Research Data Sets,,Natural Movie - Water Surface (Ripples),88435/dsp015d86p271z,https://dataspace.princeton.edu/handle/88435/dsp015d86p271z,,,,,,,,
,,,,,,,,,,,,,
Princeton Neuroscience Institute,Research Data Sets,,"Same story, different story: the neural representation of interpretive frameworks",88435/dsp0141687k93v,https://dataspace.princeton.edu/handle/88435/dsp0141687k93v,,,,,,,,
Princeton Neuroscience Institute,Research Data Sets,,Neural pattern change during encoding of a narrative predicts retrospective duration estimates,88435/dsp011n79h6771,https://dataspace.princeton.edu/handle/88435/dsp011n79h6771,,,,,,,,
Princeton Neuroscience Institute,Research Data Sets,,Noise correlations in the human brain and their impact on pattern classification,88435/dsp01dn39x4181,https://dataspace.princeton.edu/handle/88435/dsp01dn39x4181,,,,,,,,
Princeton Neuroscience Institute,Research Data Sets,,Reductions in Retrieval Competition Predict the Benefit of Repeated Testing,88435/dsp015138jh55f,https://dataspace.princeton.edu/handle/88435/dsp015138jh55f,,,,,,,,
Princeton Neuroscience Institute,Research Data Sets,,Visual Analogy Extrapolation Challenge (VAEC),88435/dsp01b8515r30h,https://dataspace.princeton.edu/handle/88435/dsp01b8515r30h,,,,,,,,
Princeton Neuroscience Institute,Research Data Sets,,Measuring shared responses across subjects using intersubject correlation,88435/dsp01dz010s83s,https://dataspace.princeton.edu/handle/88435/dsp01dz010s83s,,,,,,,,
Princeton Neuroscience Institute,Research Data Sets,,Dataset for 'Auditory Activity is Diverse and Widespread Throughout the Central Brain of Drosophila',88435/dsp01h702q942c,https://dataspace.princeton.edu/handle/88435/dsp01h702q942c,,,,,,,,
Princeton Neuroscience Institute,Research Data Sets,,March Mathness: Effects of basketball on the brain,88435/dsp019k41zh56d,https://dataspace.princeton.edu/handle/88435/dsp019k41zh56d,,,,,,,,
,,,,,,,,,,,,,
Princeton Neuroscience Institute,Research Data Sets,,The Attention Schema Theory in an Artificial Neural Network Agent: Controlling Visuospatial Attention Using a Descriptive Model of Attention,88435/dsp01kp78gk430,https://dataspace.princeton.edu/handle/88435/dsp01kp78gk430,,,,,,,,
Princeton Neuroscience Institute,Research Data Sets,,"The 21st year: transcription, motif list, and relation score",88435/dsp011n79h7374,https://dataspace.princeton.edu/handle/88435/dsp011n79h7374,,,,,,,,
Princeton Neuroscience Institute,Research Data Sets,,Deep Behavioral Phenotyping Of Mouse Autism Models using Open-Field Behavior,88435/dsp012j62s793m,https://dataspace.princeton.edu/handle/88435/dsp012j62s793m,,,,,,,,
Princeton Neuroscience Institute,Research Data Sets,,"Data for ""Cerebellar contributions to a brainwide network for flexible behavior""",88435/dsp01td96k559d,https://dataspace.princeton.edu/handle/88435/dsp01td96k559d,,,,,,,,
Princeton Neuroscience Institute,Research Data Sets,,Integrative Mechanisms of Social Attention,88435/dsp01zw12z8390,https://dataspace.princeton.edu/handle/88435/dsp01zw12z8390,,,,,,,,
Princeton Neuroscience Institute,Research Data Sets,,Spike Trains of Retinal Ganglion Cells Viewing a Repeated Natural Movie,88435/dsp015425kd84r,https://dataspace.princeton.edu/handle/88435/dsp015425kd84r,,,,,,,,
Princeton Neuroscience Institute,Research Data Sets,,Calcium responses to acoustic stimuli in Drosophila melanogaster,88435/dsp016395wb26g,https://dataspace.princeton.edu/handle/88435/dsp016395wb26g,,,,,,,,
Princeton Neuroscience Institute,Research Data Sets,,CLEVR-Matrices,88435/dsp01fq977z011,https://dataspace.princeton.edu/handle/88435/dsp01fq977z011,,,,,,,,
Princeton School of Public and International Affairs,C-PREE Research Data Sets,,Supplemental Data for N management paper,88435/dsp01pz50gz996,https://dataspace.princeton.edu/handle/88435/dsp01pz50gz996,,,,,,,,
Princeton School of Public and International Affairs,C-PREE Research Data Sets,,Chinese overseas development financing of electric power generation: A comparative analysis,88435/dsp01rn301440s,https://dataspace.princeton.edu/handle/88435/dsp01rn301440s,,,,,,,,
Princeton School of Public and International Affairs,C-PREE Research Data Sets,,Data for food consumption strategies in China,88435/dsp016m311s351,https://dataspace.princeton.edu/handle/88435/dsp016m311s351,,,,,,,,
Princeton School of Public and International Affairs,C-PREE Research Data Sets,,Dataset for China's foreign direct investment in the global power sector,88435/dsp01dj52w7750,https://dataspace.princeton.edu/handle/88435/dsp01dj52w7750,,,,,,,,
Princeton School of Public and International Affairs,C-PREE Research Data Sets,,"Alternative energy vehicle deployment coupled with decarbonizing electricity generation amplifies climate, air quality and health co-benefits in China",88435/dsp01dj52w7779,https://dataspace.princeton.edu/handle/88435/dsp01dj52w7779,,,,,,,,
Princeton School of Public and International Affairs,C-PREE Research Data Sets,,"Data for: ""Financing Carbon Lock-in in Developing Countries: Bilateral Financing for Power Generation Technologies from China, Japan, and the United States""",88435/dsp01pv63g332x,https://dataspace.princeton.edu/handle/88435/dsp01pv63g332x,,,,,,,,
Princeton School of Public and International Affairs,C-PREE Research Data Sets,,"CPCB continuous monitoring air quality data for India, from 2015-2019",88435/dsp01zw12z843p,https://dataspace.princeton.edu/handle/88435/dsp01zw12z843p,,,,,,,,
Princeton School of Public and International Affairs,C-PREE Research Data Sets,,Data for 'Environmental Benefits and Household Costs of Clean Heating Options in Northern China',88435/dsp01js956j96d,https://dataspace.princeton.edu/handle/88435/dsp01js956j96d,,,,,,,,
,,,,,,,,,,,,,
Princeton University Library,Research Data,,Subject Liaisons in Academic Libraries: An Open Access Data Set from 2015,88435/dsp01v405sc863,https://dataspace.princeton.edu/handle/88435/dsp01v405sc863,,,,,,,,
Sociology,Research Data Sets,,Nasa Budgetary Data,88435/dsp019593tz25c,https://dataspace.princeton.edu/handle/88435/dsp019593tz25c,,,,,,,,
Sociology,Research Data Sets,,Delivery Gig Worker Interviews on Automation at Work,88435/dsp01vt150n38r,https://dataspace.princeton.edu/handle/88435/dsp01vt150n38r,,,,,,,,
,,,,,,,,,,,,,
,,,,,,,,,,,,,
Music and Arts,bitKlavier,,bitKlavier Grand Sample Library—House Wide Cardioid Mic Image,88435/dsp01j3860b10r,https://dataspace.princeton.edu/handle/88435/dsp01j3860b10r,,,,,,,,
Music and Arts,bitKlavier,,bitKlavier Grand Sample Library—House ORTF Mic Image,88435/dsp01db78tg18m,https://dataspace.princeton.edu/handle/88435/dsp01db78tg18m,,,,,,,,
Music and Arts,bitKlavier,,bitKlavier Grand Sample Library—Harp Omni Mic Image,88435/dsp018k71nm242,https://dataspace.princeton.edu/handle/88435/dsp018k71nm242,,,,,,,,
Music and Arts,bitKlavier,,bitKlavier Grand Sample Library—Lip Cardioid Mic Image,88435/dsp014t64gr335,https://dataspace.princeton.edu/handle/88435/dsp014t64gr335,,,,,,,,
Music and Arts,bitKlavier,,bitKlavier Grand Sample Library—Stage Lid Omni Mic Image,88435/dsp011544bs25h,https://dataspace.princeton.edu/handle/88435/dsp011544bs25h,,,,,,,,
Music and Arts,bitKlavier,,bitKlavier Grand Sample Library—Stage Lid ORTF Mic Image,88435/dsp01wd3760468,https://dataspace.princeton.edu/handle/88435/dsp01wd3760468,,,,,,,,
Music and Arts,bitKlavier,,bitKlavier Grand Sample Library—Tail Omni Mic Image,88435/dsp01rn3014541,https://dataspace.princeton.edu/handle/88435/dsp01rn3014541,,,,,,,,